(?:\s|^)Alsatian(?:\s|$)	Alsation
(?:\s|^)America(?:\s|$)	Amercia
(?:\s|^)Archaea(?:\s|$)	Archea
(?:\s|^)Asperger's(?:\s|$)	Asberger's
(?:\s|^)Australia(?:\s|$)	Austrailia
(?:\s|^)Blu-ray(?:\s|$)	BluRay
(?:\s|^)Brahmanism(?:\s|$)	Brahmenism
(?:\s|^)Canada(?:\s|$)	Canadia
(?:\s|^)Caribbean(?:\s|$)	Carribean
(?:\s|^)Colombian(?:\s|$)	Columbian
(?:\s|^)Croatian(?:\s|$)	Croation
(?:\s|^)Dalmatian(?:\s|$)	Dalmation
(?:\s|^)Esperanto(?:\s|$)	Esparanto
(?:\s|^)Florodora(?:\s|$)	Floradora
(?:\s|^)Gliese(?:\s|$)	G1
(?:\s|^)Gliese(?:\s|$)	GI
(?:\s|^)Gliese(?:\s|$)	GL
(?:\s|^)Gandhi(?:\s|$)	Ghandi
(?:\s|^)Guardian(?:\s|$)	Grauniad
(?:\s|^)Hatshepsut(?:\s|$)	Hatshetsup
(?:\s|^)Immelmann(?:\s|$)	Immelman
(?:\s|^)Israeli(?:\s|$)	Isreali
(?:\s|^)Kurdistan(?:\s|$)	Kurdestan
(?:\s|^)MDPV(?:\s|$)	MDVP
(?:\s|^)Magdalene(?:\s|$)	Madalene
(?:\s|^)mascarpone(?:\s|$)	Marscapone
(?:\s|^)MediaWiki(?:\s|$)	Mediawiki
(?:\s|^)Ottawan(?:\s|$)	Ottowan
(?:\s|^)Paris(?:\s|$)	Paree
(?:\s|^)Philippines(?:\s|$)	Phillipines
(?:\s|^)PlayStation(?:\s|$)	Playstation
(?:\s|^)Plexiglas(?:\s|$)	Plexiglass
(?:\s|^)Pollyanna(?:\s|$)	Polyanna
(?:\s|^)Portuguese(?:\s|$)	Portugese
(?:\s|^)Portugal(?:\s|$)	Portugual
(?:\s|^)Psilotophyta(?:\s|$)	Psilophyta
(?:\s|^)Pyrrhic(?:\s|$)	Pyhrric
(?:\s|^)Qur'an(?:\s|$)	Qu'ran
(?:\s|^)Qantas(?:\s|$)	Quantas
(?:\s|^)Revelation(?:\s|$)	Revelations
(?:\s|^)Sudovian(?:\s|$)	Subdovian
(?:\s|^)Superbowl(?:\s|$)	Superbowel
(?:\s|^)Switzerland(?:\s|$)	Switserland
(?:\s|^)Tallinn(?:\s|$)	Tallin
(?:\s|^)Teesside(?:\s|$)	Teeside
(?:\s|^)Teletubby(?:\s|$)	Tellytubby
(?:\s|^)Tolkien(?:\s|$)	Tolkein
(?:\s|^)UTF-8(?:\s|$)	UTF8
(?:\s|^)Ukrainian(?:\s|$)	Ukranian
(?:\s|^)Wookiee(?:\s|$)	Wookie
(?:\s|^)Xbox(?:\s|$)	X-box
(?:\s|^)Xboxes(?:\s|$)	X-boxes
(?:\s|^)Xbox(?:\s|$)	XBox
(?:\s|^)Sian(?:\s|$)	Xian
(?:\s|^)Yemenite(?:\s|$)	Yementite
(?:\s|^)bycoket(?:\s|$)	abacot
((?:\s|^)[Aa])breuvoir(?:\s|$)	\1bbreuvoir
((?:\s|^)[Aa])bhorred(?:\s|$)	\1bhored
((?:\s|^)[Aa])bhorring(?:\s|$)	\1bhoring
((?:\s|^)[Aa])rbitrary(?:\s|$)	\1bitrary
(?:\s|^)obnoxious(?:\s|$)	abnoxious
((?:\s|^)[Aa])rboricultural(?:\s|$)	\1boricultural
((?:\s|^)[Aa])rboriculturist(?:\s|$)	\1boriculturist
((?:\s|^)[Aa])rboriculturist(?:\s|$)	\1boriculturists
((?:\s|^)[Aa])borigine(?:\s|$)	\1boriginie
((?:\s|^)[Aa])bortion(?:\s|$)	\1bortation
((?:\s|^)[Aa])brasion(?:\s|$)	\1bration
((?:\s|^)[Aa])bseil(?:\s|$)	\1bsail
((?:\s|^)[Aa])bseiling(?:\s|$)	\1bsailing
((?:\s|^)[Aa])bstentious(?:\s|$)	\1bsteinous
((?:\s|^)[Aa])bstention(?:\s|$)	\1bstenance
((?:\s|^)[Aa])bstentious(?:\s|$)	\1bstenious
((?:\s|^)[Aa])ccessibility(?:\s|$)	\1ccessability
((?:\s|^)[Aa])ccessible(?:\s|$)	\1ccessable
(?:\s|^)excessive(?:\s|$)	accessive
(?:\s|^)excessively(?:\s|$)	accessively
((?:\s|^)[Aa])cclimate(?:\s|$)	\1cclamate
((?:\s|^)[Aa])ccommodate(?:\s|$)	\1ccomodate
((?:\s|^)[Aa])ccommodating(?:\s|$)	\1ccomodating
((?:\s|^)[Aa])ccommodation(?:\s|$)	\1ccomodation
((?:\s|^)[Aa])ccommodator(?:\s|$)	\1ccomodator
((?:\s|^)[Aa])ccordion(?:\s|$)	\1ccordian
((?:\s|^)[Aa])cetaminophen(?:\s|$)	\1cetominophen
((?:\s|^)[Aa])cknowledge(?:\s|$)	\1cknowelege
((?:\s|^)[Aa])ccount(?:\s|$)	\1count
((?:\s|^)[Aa])coustically(?:\s|$)	\1cousticly
((?:\s|^)[Aa])ccrue(?:\s|$)	\1crue
((?:\s|^)[Aa])damant(?:\s|$)	\1dament
((?:\s|^)[Aa])damantly(?:\s|$)	\1damently
((?:\s|^)[Aa])dduceable(?:\s|$)	\1dducable
((?:\s|^)[Aa])dhesin(?:\s|$)	\1dhesine
((?:\s|^)[Aa])dministration(?:\s|$)	\1dministeration
((?:\s|^)[Aa])ldolase(?:\s|$)	\1dolase
((?:\s|^)[Aa])driamycin(?:\s|$)	\1dryamicin
((?:\s|^)[Aa])dultery(?:\s|$)	\1dultry
((?:\s|^)[Aa])dvanceable(?:\s|$)	\1dvancable
((?:\s|^)[Aa])erobraking(?:\s|$)	\1erobreaking
((?:\s|^)[Aa])ffidavit(?:\s|$)	\1ffadavit
((?:\s|^)[Aa])ffidavits(?:\s|$)	\1ffadavits
((?:\s|^)[Aa])ficionado(?:\s|$)	\1ffectionado
((?:\s|^)[Aa])ffirmation(?:\s|$)	\1fformation
((?:\s|^)[Aa])forementioned(?:\s|$)	\1formentioned
((?:\s|^)[Aa])ggress(?:\s|$)	\1gress
((?:\s|^)[Aa])in't(?:\s|$)	\1int
((?:\s|^)[Aa])jar(?:\s|$)	\1jarred
((?:\s|^)[Aa])lbeit(?:\s|$)	\1lbiet
((?:\s|^)[Aa])lleviate(?:\s|$)	\1leviate
((?:\s|^)[Aa])llemande(?:\s|$)	\1llemand
((?:\s|^)[Aa])llegation(?:\s|$)	\1lligation
((?:\s|^)[Aa])lliinase(?:\s|$)	\1llinase
((?:\s|^)[Aa])llochthonous(?:\s|$)	\1llochtonous
((?:\s|^)[Aa])llotrope(?:\s|$)	\1llotroph
((?:\s|^)[Aa])lrighty(?:\s|$)	\1llrighty
((?:\s|^)[Aa])lways(?:\s|$)	\1llways
((?:\s|^)[Aa])ltered(?:\s|$)	\1lterred
((?:\s|^)[Aa])ltering(?:\s|$)	\1lterring
((?:\s|^)[Aa])mateur(?:\s|$)	\1matuer
((?:\s|^)[Aa])mateur(?:\s|$)	\1mature
((?:\s|^)[Aa])mbidextrous(?:\s|$)	\1mbidexterous
((?:\s|^)[Aa])mphiphilic(?:\s|$)	\1mphilic
((?:\s|^)[Aa])mphitheater(?:\s|$)	\1mpitheater
((?:\s|^)[Aa])mphitheaters(?:\s|$)	\1mpitheaters
((?:\s|^)[Aa])mphitheatre(?:\s|$)	\1mpitheatre
((?:\s|^)[Aa])mphitheatres(?:\s|$)	\1mpitheatres
((?:\s|^)[Aa])mygdala(?:\s|$)	\1mygdale
((?:\s|^)[Aa])nalogous(?:\s|$)	\1nalagous
((?:\s|^)[Aa])nalyze(?:\s|$)	\1nalize
((?:\s|^)[Aa])nalyses(?:\s|$)	\1nalysises
((?:\s|^)[Aa])ncillary(?:\s|$)	\1ncilliary
((?:\s|^)[Aa])ndrogynous(?:\s|$)	\1ndrogenous
((?:\s|^)[Aa])nesthetize(?:\s|$)	\1nesthesize
((?:\s|^)[Aa])nesthetized(?:\s|$)	\1nesthesized
((?:\s|^)[Aa])nglicized(?:\s|$)	\1nglecized
((?:\s|^)[Aa])nkyrin(?:\s|$)	\1nkryin
((?:\s|^)[Aa])niseed(?:\s|$)	\1nniseed
((?:\s|^)[Aa])niseeds(?:\s|$)	\1nniseeds
((?:\s|^)[Aa])nnotator(?:\s|$)	\1nnotater
((?:\s|^)[Aa])nnounceable(?:\s|$)	\1nnouncable
((?:\s|^)[Aa])nomaly(?:\s|$)	\1nomoly
((?:\s|^)[Aa])nosognosia(?:\s|$)	\1nosagnosia
((?:\s|^)[Aa])nthracycline(?:\s|$)	\1nthacyclin
((?:\s|^)[Aa])rthropod(?:\s|$)	\1nthropod
((?:\s|^)[Aa])nthroponymy(?:\s|$)	\1nthroponomy
((?:\s|^)[Aa])ntiapoptotic(?:\s|$)	\1ntiapoptic
((?:\s|^)[Aa])nticlimactic(?:\s|$)	\1nticlimatic
((?:\s|^)[Aa])ntinomies(?:\s|$)	\1ntimonies
((?:\s|^)[Aa])ntiseptic(?:\s|$)	\1ntisceptic
((?:\s|^)[Aa])ngst(?:\s|$)	\1nxt
((?:\s|^)[Aa])pocalypse(?:\s|$)	\1pocolypse
((?:\s|^)[Aa])poptosis(?:\s|$)	\1popotosis
((?:\s|^)[Aa])poptotic(?:\s|$)	\1poptopic
((?:\s|^)[Aa])ppalled(?:\s|$)	\1ppaled
((?:\s|^)[Aa])ppalling(?:\s|$)	\1ppaling
((?:\s|^)[Aa])ppendices(?:\s|$)	\1ppendeces
((?:\s|^)[Aa])ppellation(?:\s|$)	\1ppilation
((?:\s|^)[Aa])ppreciate(?:\s|$)	\1preciate
((?:\s|^)[Aa])propos(?:\s|$)	\1propo
((?:\s|^)[Aa])poptotic(?:\s|$)	\1ptotic
((?:\s|^)[Aa])cquire(?:\s|$)	\1qcuire
((?:\s|^)[Aa])queduct(?:\s|$)	\1quaduct
((?:\s|^)[Aa])cquaintance(?:\s|$)	\1quaintance
((?:\s|^)[Aa])cquiesce(?:\s|$)	\1quiesce
((?:\s|^)[Aa])cquire(?:\s|$)	\1quire
((?:\s|^)[Aa])cquit(?:\s|$)	\1quit
((?:\s|^)[Aa])cquitted(?:\s|$)	\1quitted
((?:\s|^)[Aa])rachnophobia(?:\s|$)	\1rachnephobia
((?:\s|^)[Aa])rchetype(?:\s|$)	\1rchitype
((?:\s|^)[Aa])rginine(?:\s|$)	\1rginene
((?:\s|^)[Aa])erial(?:\s|$)	\1riel
((?:\s|^)[Aa])rithmetic(?:\s|$)	\1rithmatic
((?:\s|^)[Aa])rithmetically(?:\s|$)	\1rithmatically
((?:\s|^)[Aa])rrangement(?:\s|$)	\1rrangment
((?:\s|^)[Aa])rrangement(?:\s|$)	\1rrangments
((?:\s|^)[Aa])rrhythmogenic(?:\s|$)	\1rrythmogenic
((?:\s|^)[Aa])rtemisinin(?:\s|$)	\1rtemesinin
((?:\s|^)[Aa])therogenic(?:\s|$)	\1rtherogenic
((?:\s|^)[Aa])therosclerosis(?:\s|$)	\1rtherosclerosis
((?:\s|^)[Aa])rthroplasty(?:\s|$)	\1rthoplasty
((?:\s|^)[Aa])rticle(?:\s|$)	\1rtical
((?:\s|^)[Aa])rtical(?:\s|$)	\1rticals
((?:\s|^)[Aa])rtificial(?:\s|$)	\1rtifical
((?:\s|^)[Aa])cerbate(?:\s|$)	\1scerbate
((?:\s|^)[Aa])sparagine(?:\s|$)	\1speragine
((?:\s|^)[Aa])spirin(?:\s|$)	\1sprin
((?:\s|^)[Aa])ssessment(?:\s|$)	\1ssesment
((?:\s|^)[Aa])ssiduous(?:\s|$)	\1ssidious
((?:\s|^)[Aa])ssociationistic(?:\s|$)	\1ssocionistic
((?:\s|^)[Aa])sterisk(?:\s|$)	\1sterix
((?:\s|^)[Aa])symptote(?:\s|$)	\1symtope
((?:\s|^)[Aa])thetosis(?:\s|$)	\1theosis
((?:\s|^)[Aa])theism(?:\s|$)	\1thiesm
((?:\s|^)[Aa])theist(?:\s|$)	\1thiest
((?:\s|^)[Aa])theists(?:\s|$)	\1thiests
((?:\s|^)[Aa])tonement(?:\s|$)	\1ttonement
((?:\s|^)[Aa])tonements(?:\s|$)	\1ttonements
((?:\s|^)[Aa])ttorney(?:\s|$)	\1ttourney
((?:\s|^)[Aa])ustralis(?:\s|$)	\1ustrealis
((?:\s|^)[Aa])uthentication(?:\s|$)	\1uthentification
((?:\s|^)[Aa])uthorise(?:\s|$)	\1uthourise
((?:\s|^)[Aa])utonomous(?:\s|$)	\1utomous
((?:\s|^)[Aa])weigh(?:\s|$)	\1way
((?:\s|^)[Aa])wful(?:\s|$)	\1weful
((?:\s|^)[Aa])wesomest(?:\s|$)	\1wsomest
((?:\s|^)[Aa])xle(?:\s|$)	\1xel
((?:\s|^)[Aa])xis(?:\s|$)	\1xises
((?:\s|^)[Bb])ackground(?:\s|$)	\1ackround
((?:\s|^)[Bb])addest(?:\s|$)	\1adest
((?:\s|^)[Bb])adly(?:\s|$)	\1adley
((?:\s|^)[Bb])alanceable(?:\s|$)	\1alancable
((?:\s|^)[Bb])allistically(?:\s|$)	\1alistically
((?:\s|^)[Bb])allooner(?:\s|$)	\1alloonneer
((?:\s|^)[Bb])allooners(?:\s|$)	\1alloonneers
((?:\s|^)[Bb])ankruptcy(?:\s|$)	\1ankrupcies
((?:\s|^)[Bb])ankruptcy(?:\s|$)	\1ankrupcy
((?:\s|^)[Bb])arbiturate(?:\s|$)	\1arbituate
((?:\s|^)[Bb])arotropy(?:\s|$)	\1arotrophy
((?:\s|^)[Bb])arista(?:\s|$)	\1arrista
((?:\s|^)[Bb])aristas(?:\s|$)	\1arristas
((?:\s|^)[Bb])asically(?:\s|$)	\1asicly
((?:\s|^)[Bb])astard(?:\s|$)	\1asterd
((?:\s|^)[Bb])auble(?:\s|$)	\1awble
((?:\s|^)[Bb])izarre(?:\s|$)	\1azaar
((?:\s|^)[Bb])urly(?:\s|$)	\1early
((?:\s|^)[Bb])estial(?:\s|$)	\1eastial
((?:\s|^)[Bb])estiality(?:\s|$)	\1eastiality
((?:\s|^)[Bb])eautiful(?:\s|$)	\1eautyful
((?:\s|^)[Bb])ecause(?:\s|$)	\1ecuase
((?:\s|^)[Bb])efore(?:\s|$)	\1efor
((?:\s|^)[Bb])elieve(?:\s|$)	\1eleive
((?:\s|^)[Bb])elieved(?:\s|$)	\1eleived
((?:\s|^)[Bb])eliever(?:\s|$)	\1eleiver
((?:\s|^)[Bb])elieves(?:\s|$)	\1eleives
((?:\s|^)[Bb])elieving(?:\s|$)	\1eleiving
((?:\s|^)[Bb])ellwether(?:\s|$)	\1ellweather
((?:\s|^)[Bb])ellwethers(?:\s|$)	\1ellweathers
((?:\s|^)[Bb])eneficial(?:\s|$)	\1enificial
((?:\s|^)[Bb])enefit(?:\s|$)	\1enifit
((?:\s|^)[Bb])ends(?:\s|$)	\1enze
((?:\s|^)[Bb])eryllium(?:\s|$)	\1erylium
((?:\s|^)[Bb])etroth(?:\s|$)	\1ethroth
((?:\s|^)[Bb])ibliography(?:\s|$)	\1ibiliography
((?:\s|^)[Bb])icolorous(?:\s|$)	\1icolourous
((?:\s|^)[Bb])ig-boob(?:\s|$)	\1igboob
((?:\s|^)[Bb])ioavailability(?:\s|$)	\1ioavailibility
((?:\s|^)[Bb])ipartisan(?:\s|$)	\1ipartison
((?:\s|^)[Bb])erth(?:\s|$)	\1irth
((?:\s|^)[Bb])ivouac(?:\s|$)	\1ivouack
((?:\s|^)[Bb])izarre(?:\s|$)	\1izzare
((?:\s|^)[Bb])izarrely(?:\s|$)	\1izzarely
((?:\s|^)[Bb])loc(?:\s|$)	\1lock
((?:\s|^)[Bb])lockade(?:\s|$)	\1lockaid
((?:\s|^)[Bb])uggery(?:\s|$)	\1oggery
((?:\s|^)[Bb])oth(?:\s|$)	\1olth
((?:\s|^)[Bb])anzai(?:\s|$)	\1onsai
((?:\s|^)[Bb])ounceable(?:\s|$)	\1ouncable
((?:\s|^)[Bb])uoy(?:\s|$)	\1ouy
((?:\s|^)[Bb])uoyant(?:\s|$)	\1ouyant
((?:\s|^)[Bb])odacious(?:\s|$)	\1owdacious
((?:\s|^)[Bb])owdlerised(?:\s|$)	\1owlderised
((?:\s|^)[Bb])raggadocio(?:\s|$)	\1raggadoccio
((?:\s|^)[Bb])reaststroke(?:\s|$)	\1reastroke
((?:\s|^)[Bb])rightly(?:\s|$)	\1rightley
((?:\s|^)[Bb])usiness(?:\s|$)	\1uisness
((?:\s|^)[Bb])ulimia(?:\s|$)	\1ulemia
((?:\s|^)[Bb])ulimic(?:\s|$)	\1ulemic
((?:\s|^)[Bb])icycle(?:\s|$)	\1ycicle
((?:\s|^)[Cc])adence(?:\s|$)	\1adance
((?:\s|^)[Cc])adences(?:\s|$)	\1adances
((?:\s|^)[Cc])affeine(?:\s|$)	\1affiene
((?:\s|^)[Cc])ojones(?:\s|$)	\1ajones
((?:\s|^)[Cc])alcaneus(?:\s|$)	\1alcaneous
((?:\s|^)[Cc])alendar(?:\s|$)	\1alender
((?:\s|^)[Cc])allipygian(?:\s|$)	\1alipygian
((?:\s|^)[Cc])alumniate(?:\s|$)	\1alumnate
((?:\s|^)[Cc])amelid(?:\s|$)	\1ameloid
((?:\s|^)[Cc])arnivorous(?:\s|$)	\1anivorous
((?:\s|^)[Cc])anister(?:\s|$)	\1annister
((?:\s|^)[Cc])anoeing(?:\s|$)	\1anoing
((?:\s|^)[Cc])antaloupe(?:\s|$)	\1antalope
((?:\s|^)[Cc])apriccio(?:\s|$)	\1aprichio
((?:\s|^)[Cc])apstan(?:\s|$)	\1apstern
((?:\s|^)[Cc])arbamoylation(?:\s|$)	\1arbamylation
((?:\s|^)[Cc])arboxyfluorescein(?:\s|$)	\1arboxyfluoroscein
((?:\s|^)[Cc])arbuncle(?:\s|$)	\1arbunkle
((?:\s|^)[Cc])arnivorous(?:\s|$)	\1arnivourous
((?:\s|^)[Cc])arotid(?:\s|$)	\1arotted
((?:\s|^)[Cc])artilage(?:\s|$)	\1artilege
((?:\s|^)[Cc])artoony(?:\s|$)	\1artooney
((?:\s|^)[Cc])ategory(?:\s|$)	\1atagory
((?:\s|^)[Cc])atecholamine(?:\s|$)	\1athecholamine
((?:\s|^)[Cc])emetery(?:\s|$)	\1emetary
((?:\s|^)[Cc])entral(?:\s|$)	\1enteral
((?:\s|^)[Cc])entrally(?:\s|$)	\1enterally
((?:\s|^)[Cc])entric(?:\s|$)	\1enteric
((?:\s|^)[Cc])entrifugal(?:\s|$)	\1entrifical
((?:\s|^)[Cc])ephalalgia(?:\s|$)	\1ephalagia
((?:\s|^)[Cc])ertainty(?:\s|$)	\1ertainity
((?:\s|^)[Cc])hangeable(?:\s|$)	\1hangable
((?:\s|^)[Cc])haracter(?:\s|$)	\1harecter
((?:\s|^)[Cc])heesy(?:\s|$)	\1heesey
((?:\s|^)[Cc])hemiluminescence(?:\s|$)	\1hemiluminesence
((?:\s|^)[Cc])hemiluminescent(?:\s|$)	\1hemoluminiscent
((?:\s|^)[Cc])hestnut(?:\s|$)	\1hessnut
((?:\s|^)[Cc])hicanery(?:\s|$)	\1hickenry
((?:\s|^)[Cc])hlamydiosis(?:\s|$)	\1hlamydiasis
((?:\s|^)[Cc])horopleth(?:\s|$)	\1hloropleth
((?:\s|^)[Cc])hromotherapy(?:\s|$)	\1hromatherapy
((?:\s|^)[Cc])inematography(?:\s|$)	\1inametography
((?:\s|^)[Cc])innamon(?:\s|$)	\1inamon
((?:\s|^)[Cc])innamons(?:\s|$)	\1inamons
((?:\s|^)[Cc])ircumcise(?:\s|$)	\1ircumcize
((?:\s|^)[Cc])hirurgical(?:\s|$)	\1irurgical
((?:\s|^)[Cc])larity(?:\s|$)	\1lairty
((?:\s|^)[Cc])linician(?:\s|$)	\1linitian
((?:\s|^)[Cc])ognoscenti(?:\s|$)	\1ognescenti
((?:\s|^)[Cc])holecalciferol(?:\s|$)	\1olecalciferol
((?:\s|^)[Cc])olleagues(?:\s|$)	\1olleages
((?:\s|^)[Cc])olleague(?:\s|$)	\1ollegue
((?:\s|^)[Cc])orrelation(?:\s|$)	\1ollelation
((?:\s|^)[Cc])ollagraphy(?:\s|$)	\1ollography
((?:\s|^)[Cc])oma(?:\s|$)	\1olma
((?:\s|^)[Cc])omfortable(?:\s|$)	\1omfterble
((?:\s|^)[Cc])omfortable(?:\s|$)	\1omftorble
((?:\s|^)[Cc])ommiserate(?:\s|$)	\1omiserate
((?:\s|^)[Cc])ommiserate(?:\s|$)	\1omisserate
((?:\s|^)[Cc])ommitted(?:\s|$)	\1ommited
((?:\s|^)[Cc])ompatibility(?:\s|$)	\1ompatability
((?:\s|^)[Cc])ompatible(?:\s|$)	\1ompatable
((?:\s|^)[Cc])ompatriot(?:\s|$)	\1ompatriate
((?:\s|^)[Cc])ompetitive(?:\s|$)	\1ompetetive
((?:\s|^)[Cc])ompetitively(?:\s|$)	\1ompetetively
((?:\s|^)[Cc])ompilation(?:\s|$)	\1ompiliation
((?:\s|^)[Cc])omplement(?:\s|$)	\1ompliment
((?:\s|^)[Cc])ompromise(?:\s|$)	\1ompromize
((?:\s|^)[Cc])ompulsorily(?:\s|$)	\1ompulsarily
((?:\s|^)[Cc])ommunication(?:\s|$)	\1omunication
((?:\s|^)[Cc])oncede(?:\s|$)	\1onceed
((?:\s|^)[Cc])onsensus(?:\s|$)	\1oncensus
((?:\s|^)[Cc])onscientious(?:\s|$)	\1oncientious
((?:\s|^)[Cc])onceive(?:\s|$)	\1oncieve
((?:\s|^)[Cc])onscious(?:\s|$)	\1oncious
((?:\s|^)[Cc])oncise(?:\s|$)	\1oncize
((?:\s|^)[Cc])ondescend(?:\s|$)	\1ondenscend
((?:\s|^)[Cc])ondenser(?:\s|$)	\1ondensor
((?:\s|^)[Cc])ondescending(?:\s|$)	\1ondesending
((?:\s|^)[Cc])onfidant(?:\s|$)	\1onfidente
((?:\s|^)[Cc])onfiscate(?:\s|$)	\1onfuscate
((?:\s|^)[Cc])onrotatory(?:\s|$)	\1onrotary
((?:\s|^)[Cc])onscientious(?:\s|$)	\1onscientous
((?:\s|^)[Cc])onsecutive(?:\s|$)	\1onsequtive
((?:\s|^)[Cc])oncerted(?:\s|$)	\1onserted
((?:\s|^)[Cc])onsistent(?:\s|$)	\1onsistant
((?:\s|^)[Cc])onsummation(?:\s|$)	\1onsommation
((?:\s|^)[Cc])onspicuous(?:\s|$)	\1onspicious
((?:\s|^)[Cc])onspiracy(?:\s|$)	\1onspirancy
((?:\s|^)[Cc])onsummate(?:\s|$)	\1onsumate
((?:\s|^)[Cc])ontemplators(?:\s|$)	\1ontemplaters
((?:\s|^)[Cc])ontortion(?:\s|$)	\1ontorsion
((?:\s|^)[Cc])ontroversial(?:\s|$)	\1ontraversial
((?:\s|^)[Cc])ontributor(?:\s|$)	\1ontributer
((?:\s|^)[Cc])ontributors(?:\s|$)	\1ontributers
((?:\s|^)[Cc])ontrolled(?:\s|$)	\1ontroled
((?:\s|^)[Cc])onnubial(?:\s|$)	\1onubial
((?:\s|^)[Cc])onversion(?:\s|$)	\1onvertion
((?:\s|^)[Cc])onversions(?:\s|$)	\1onvertions
(?:\s|^)kooky(?:\s|$)	cooky
((?:\s|^)[Cc])ookie(?:\s|$)	\1ooky
((?:\s|^)[Cc])opacetic(?:\s|$)	\1opesettic
((?:\s|^)[Cc])opyright(?:\s|$)	\1opywrite
((?:\s|^)[Cc])opyrighted(?:\s|$)	\1opywritten
((?:\s|^)[Cc])oraciiform(?:\s|$)	\1oraciform
((?:\s|^)[Cc])orrelate(?:\s|$)	\1orrolate
((?:\s|^)[Cc])ulotte(?:\s|$)	\1oulotte
((?:\s|^)[Cc])ourse(?:\s|$)	\1ource
((?:\s|^)[Cc])ourt-martial(?:\s|$)	\1ourt-marshal
(?:\s|^)kowtow(?:\s|$)	cowtow
((?:\s|^)[Cc])redibly(?:\s|$)	\1redibley
((?:\s|^)[Cc])redence(?:\s|$)	\1reedence
((?:\s|^)[Cc])riterion(?:\s|$)	\1riterior
((?:\s|^)[Cc])ross-sectional(?:\s|$)	\1rosssectional
((?:\s|^)[Cc])rucifixion(?:\s|$)	\1rucifiction
((?:\s|^)[Cc])rucifixions(?:\s|$)	\1rucifictions
((?:\s|^)[Cc])uboctahedral(?:\s|$)	\1uboctohedral
((?:\s|^)[Cc])ueing(?:\s|$)	\1uing
((?:\s|^)[Cc])ummerbunds(?:\s|$)	\1umberbunds
((?:\s|^)[Cc])uriosity(?:\s|$)	\1uriousity
((?:\s|^)[Cc])orundum(?:\s|$)	\1urundum
((?:\s|^)[Cc])ycloheximide(?:\s|$)	\1yclohexamide
((?:\s|^)[Cc])ystic(?:\s|$)	\1yctic
((?:\s|^)[Cc])ytosine(?:\s|$)	\1ytocine
((?:\s|^)[Cc])ytotoxic(?:\s|$)	\1ytoxic
((?:\s|^)[Dd])aguerreotype(?:\s|$)	\1aguerrotype
((?:\s|^)[Dd])aguerreotypy(?:\s|$)	\1aguerrotypy
((?:\s|^)[Dd])ammit(?:\s|$)	\1amnit
((?:\s|^)[Dd])anceable(?:\s|$)	\1ancable
((?:\s|^)[Dd])anceathon(?:\s|$)	\1ancathon
((?:\s|^)[Dd])eacetylase(?:\s|$)	\1eactylase
((?:\s|^)[Dd])eadenylation(?:\s|$)	\1eadenylylation
((?:\s|^)[Dd])earest(?:\s|$)	\1earrest
((?:\s|^)[Dd])eathliness(?:\s|$)	\1eathiness
((?:\s|^)[Dd])eathly(?:\s|$)	\1eathy
((?:\s|^)[Dd])acarbazine(?:\s|$)	\1ecarbazine
((?:\s|^)[Dd])eceive(?:\s|$)	\1ecieve
((?:\s|^)[Dd])ecalogies(?:\s|$)	\1ecologies
((?:\s|^)[Dd])ecalogy(?:\s|$)	\1ecology
((?:\s|^)[Dd])ecorrelation(?:\s|$)	\1ecorrellation
((?:\s|^)[Dd])ecorous(?:\s|$)	\1ecourous
(?:\s|^)faulty(?:\s|$)	defaulty
((?:\s|^)[Dd])efensive(?:\s|$)	\1efencive
((?:\s|^)[Dd])eferred(?:\s|$)	\1effered
((?:\s|^)[Dd])efinitely(?:\s|$)	\1efiantly
((?:\s|^)[Dd])efinite(?:\s|$)	\1efinate
((?:\s|^)[Dd])efinitely(?:\s|$)	\1efinately
((?:\s|^)[Dd])efinition(?:\s|$)	\1efination
((?:\s|^)[Dd])efinitely(?:\s|$)	\1efinatly
((?:\s|^)[Dd])efinitely(?:\s|$)	\1efinetly
((?:\s|^)[Dd])efinition(?:\s|$)	\1efiniton
((?:\s|^)[Dd])efiniton(?:\s|$)	\1efinitons
((?:\s|^)[Dd])iffusion(?:\s|$)	\1efusion
((?:\s|^)[Dd])ilapidated(?:\s|$)	\1elapidated
((?:\s|^)[Dd])emagogue(?:\s|$)	\1emogogue
((?:\s|^)[Dd])eoxyadenosine(?:\s|$)	\1eoxyadenine
((?:\s|^)[Dd])eparts(?:\s|$)	\1epants
((?:\s|^)[Dd])epauperate(?:\s|$)	\1epaurate
((?:\s|^)[Dd])ependence(?:\s|$)	\1ependance
((?:\s|^)[Dd])ependent(?:\s|$)	\1ependant
((?:\s|^)[Dd])ereferenceable(?:\s|$)	\1ereferencable
((?:\s|^)[Dd])erelict(?:\s|$)	\1erilict
((?:\s|^)[Dd])escendants(?:\s|$)	\1escendents
((?:\s|^)[Dd])escription(?:\s|$)	\1esciption
((?:\s|^)[Dd])esign(?:\s|$)	\1esighn
((?:\s|^)[Dd])esperate(?:\s|$)	\1esparate
((?:\s|^)[Dd])espicable(?:\s|$)	\1especable
((?:\s|^)[Dd])esiccate(?:\s|$)	\1essicate
((?:\s|^)[Dd])esiccated(?:\s|$)	\1essicated
((?:\s|^)[Dd])esiccation(?:\s|$)	\1essication
((?:\s|^)[Dd])eter(?:\s|$)	\1eterr
((?:\s|^)[Dd])evise(?:\s|$)	\1evize
((?:\s|^)[Dd])examethasone(?:\s|$)	\1examethosone
((?:\s|^)[Dd])exterous(?:\s|$)	\1exterious
((?:\s|^)[Dd])eactivated(?:\s|$)	\1iactivated
((?:\s|^)[Dd])yadic(?:\s|$)	\1iadic
((?:\s|^)[Dd])iegetic(?:\s|$)	\1iagetic
((?:\s|^)[Dd])ichroic(?:\s|$)	\1ichronic
((?:\s|^)[Dd])iachronic(?:\s|$)	\1ichronic
((?:\s|^)[Dd])ickwad(?:\s|$)	\1ickwod
((?:\s|^)[Dd])idn't(?:\s|$)	\1idint
((?:\s|^)[Dd])itto(?:\s|$)	\1ido
((?:\s|^)[Dd])ying(?:\s|$)	\1ieing
((?:\s|^)[Dd])iethylstilbestrol(?:\s|$)	\1iethylstilbesterol
((?:\s|^)[Dd])ifferently(?:\s|$)	\1ifferentley
((?:\s|^)[Dd])igitigrade(?:\s|$)	\1igitgrade
((?:\s|^)[Dd])ihydroxyphenylisatin(?:\s|$)	\1ihydrophenylisatin
((?:\s|^)[Dd])ilemma(?:\s|$)	\1ilemna
((?:\s|^)[Dd])iligent(?:\s|$)	\1illigent
((?:\s|^)[Dd])ementia(?:\s|$)	\1imensia
((?:\s|^)[Dd])emented(?:\s|$)	\1imented
((?:\s|^)[Dd])ementia(?:\s|$)	\1imentia
((?:\s|^)[Dd])imensional(?:\s|$)	\1imentional
((?:\s|^)[Dd])iminutive(?:\s|$)	\1iminuitive
((?:\s|^)[Dd])iphthong(?:\s|$)	\1ipthong
((?:\s|^)[Dd])earth(?:\s|$)	\1irth
((?:\s|^)[Dd])isastrous(?:\s|$)	\1isasterous
((?:\s|^)[Dd])isastrously(?:\s|$)	\1isasterously
((?:\s|^)[Dd])issatisfied(?:\s|$)	\1isatisfied
((?:\s|^)[Dd])issect(?:\s|$)	\1isect
((?:\s|^)[Dd])issection(?:\s|$)	\1isection
((?:\s|^)[Dd])issections(?:\s|$)	\1isections
((?:\s|^)[Dd])isseminate(?:\s|$)	\1iseminate
((?:\s|^)[Dd])eserve(?:\s|$)	\1iserve
((?:\s|^)[Dd])ysfunction(?:\s|$)	\1isfunction
((?:\s|^)[Dd])isinterred(?:\s|$)	\1isintered
((?:\s|^)[Dd])isinterring(?:\s|$)	\1isintering
((?:\s|^)[Dd])yspeptic(?:\s|$)	\1ispeptic
((?:\s|^)[Dd])isbursement(?:\s|$)	\1ispersement
((?:\s|^)[Dd])isplaceable(?:\s|$)	\1isplacable
((?:\s|^)[Dd])isbursement(?:\s|$)	\1ispursement
((?:\s|^)[Dd])ysregulate(?:\s|$)	\1isregulate
((?:\s|^)[Dd])ysregulated(?:\s|$)	\1isregulated
((?:\s|^)[Dd])ysregulates(?:\s|$)	\1isregulates
((?:\s|^)[Dd])ysregulation(?:\s|$)	\1isregulation
((?:\s|^)[Dd])isrotatory(?:\s|$)	\1isrotary
((?:\s|^)[Dd])isarray(?:\s|$)	\1issarray
((?:\s|^)[Dd])issension(?:\s|$)	\1issention
((?:\s|^)[Dd])ystopia(?:\s|$)	\1istopia
((?:\s|^)[Dd])iverticula(?:\s|$)	\1iverticuli
((?:\s|^)[Dd])ivisible(?:\s|$)	\1ivisable
((?:\s|^)[Dd])ivorceable(?:\s|$)	\1ivorcable
((?:\s|^)[Dd])oesn't(?:\s|$)	\1oesint
((?:\s|^)[Dd])oesn't(?:\s|$)	\1oesnt
((?:\s|^)[Dd])unnage(?:\s|$)	\1onage
((?:\s|^)[Dd])oppelganger(?:\s|$)	\1oppleganger
((?:\s|^)[Dd])oxorubicin(?:\s|$)	\1oxyrubicin
((?:\s|^)[Dd])rog(?:\s|$)	\1rouge
((?:\s|^)[Dd])rogue(?:\s|$)	\1rouge
((?:\s|^)[Dd])oubloon(?:\s|$)	\1ubloon
((?:\s|^)[Dd])oubloons(?:\s|$)	\1ubloons
((?:\s|^)[Ee])ccentric(?:\s|$)	\1ccenteric
((?:\s|^)[Ee])cclesiastical(?:\s|$)	\1clesiastical
((?:\s|^)[Ee])daphology(?:\s|$)	\1dafology
((?:\s|^)[Ee])dited(?:\s|$)	\1ditted
((?:\s|^)[Ee])diting(?:\s|$)	\1ditting
((?:\s|^)[Ee])ducate(?:\s|$)	\1dumacate
(?:\s|^)affect(?:\s|$)	effect
((?:\s|^)[Ee])ffectively(?:\s|$)	\1ffectiveley
((?:\s|^)[Ee])ffectively(?:\s|$)	\1ffectivley
((?:\s|^)[Ee])gregious(?:\s|$)	\1grecious
((?:\s|^)[Ee])ighth(?:\s|$)	\1ightth
((?:\s|^)[Ee])lectrocute(?:\s|$)	\1lectricute
((?:\s|^)[Ee])lectrician(?:\s|$)	\1lectrition
((?:\s|^)[Ee])lectrolyte(?:\s|$)	\1lectrolight
((?:\s|^)[Ee])lephantiasis(?:\s|$)	\1lephantitis
((?:\s|^)[Ee])mbarrass(?:\s|$)	\1mbarass
((?:\s|^)[Ee])mbarrassed(?:\s|$)	\1mbarassed
((?:\s|^)[Ee])mbarrassing(?:\s|$)	\1mbarassing
((?:\s|^)[Ee])mbarrassment(?:\s|$)	\1mbarassment
((?:\s|^)[Ee])mbarrassing(?:\s|$)	\1mbarrasing
((?:\s|^)[Ee])mbraceable(?:\s|$)	\1mbracable
((?:\s|^)[Ee])missary(?:\s|$)	\1misary
((?:\s|^)[Ee])missivity(?:\s|$)	\1mmisivity
((?:\s|^)[Ee])mpirical(?:\s|$)	\1mperical
((?:\s|^)[Ee])nanthate(?:\s|$)	\1nantate
((?:\s|^)[Ee])ncyclopedia(?:\s|$)	\1nciclopedia
(?:\s|^)incorrigible(?:\s|$)	encourageable
(?:\s|^)hendecasyllable(?:\s|$)	endecasyllable
((?:\s|^)[Ee])ntrail(?:\s|$)	\1ndtrail
((?:\s|^)[Ee])nforceable(?:\s|$)	\1nforcable
((?:\s|^)[Ee])ngineer(?:\s|$)	\1nginer
((?:\s|^)[Ee])nsure(?:\s|$)	\1nshure
((?:\s|^)[Ee])ntrance(?:\s|$)	\1nterance
((?:\s|^)[Ee])ntry(?:\s|$)	\1ntery
((?:\s|^)[Ee])nterable(?:\s|$)	\1ntrable
((?:\s|^)[Ee])nough(?:\s|$)	\1nuf
(?:\s|^)involvement(?:\s|$)	envolvement
((?:\s|^)[Ee])nwreathe(?:\s|$)	\1nwreath
((?:\s|^)[Ee])picene(?:\s|$)	\1picine
((?:\s|^)[Ee])pidemiology(?:\s|$)	\1pidemology
((?:\s|^)[Ee])pitome(?:\s|$)	\1pitomy
((?:\s|^)[Ee])quinox(?:\s|$)	\1quinoxe
((?:\s|^)[Ee])rythropoiesis(?:\s|$)	\1rythropoeisis
((?:\s|^)[Ee])tymology(?:\s|$)	\1timology
((?:\s|^)[Ee])uthanasia(?:\s|$)	\1uthenasia
((?:\s|^)[Ee])vangelistic(?:\s|$)	\1vangalistic
((?:\s|^)[Ee])xaggerate(?:\s|$)	\1xagerate
((?:\s|^)[Ee])xaggeration(?:\s|$)	\1xageration
((?:\s|^)[Ee])xaggerate(?:\s|$)	\1xaggregate
((?:\s|^)[Ee])xecrable(?:\s|$)	\1xcerable
((?:\s|^)[Ee])xercise(?:\s|$)	\1xcercise
((?:\s|^)[Ee])xist(?:\s|$)	\1xcist
((?:\s|^)[Ee])xcruciate(?:\s|$)	\1xcrutiate
((?:\s|^)[Ee])xcursion(?:\s|$)	\1xcusion
((?:\s|^)[Ee])xclusion(?:\s|$)	\1xcusion
((?:\s|^)[Ee])xercise(?:\s|$)	\1xersize
((?:\s|^)[Ee])xorbitant(?:\s|$)	\1xhorbitant
((?:\s|^)[Ee])xistence(?:\s|$)	\1xistance
((?:\s|^)[Ee])xistent(?:\s|$)	\1xistant
((?:\s|^)[Ee])xciting(?:\s|$)	\1xiting
((?:\s|^)[Ee])xorbitant(?:\s|$)	\1xorbital
((?:\s|^)[Ee])xpatriate(?:\s|$)	\1xpatriot
((?:\s|^)[Ee])specially(?:\s|$)	\1xpecially
((?:\s|^)[Ee])xpedient(?:\s|$)	\1xpediant
((?:\s|^)[Ee])xpedite(?:\s|$)	\1xpediate
((?:\s|^)[Ee])xperienceable(?:\s|$)	\1xperiencable
((?:\s|^)[Ee])xpedite(?:\s|$)	\1xpidite
((?:\s|^)[Ee])xpedite(?:\s|$)	\1xpidited
((?:\s|^)[Ee])xpedite(?:\s|$)	\1xpidites
((?:\s|^)[Ee])xpedite(?:\s|$)	\1xpiditing
((?:\s|^)[Ee])cstasy(?:\s|$)	\1xtacy
((?:\s|^)[Ee])cstatic(?:\s|$)	\1xtatic
((?:\s|^)[Ee])xtension(?:\s|$)	\1xtention
((?:\s|^)[Ee])xtravagant(?:\s|$)	\1xtravagent
((?:\s|^)[Ee])xtravasation(?:\s|$)	\1xtravastion
((?:\s|^)[Ee])xtraordinary(?:\s|$)	\1xtrordinary
((?:\s|^)[Ee])xuvia(?:\s|$)	\1xuvium
((?:\s|^)[Ff])ascist(?:\s|$)	\1acist
((?:\s|^)[Ff])ate(?:\s|$)	\1ait
(?:\s|^)verkakte(?:\s|$)	fakakta
((?:\s|^)[Ff])amiliar(?:\s|$)	\1amilar
((?:\s|^)[Ff])anwear(?:\s|$)	\1anware
((?:\s|^)[Ff])ettuccine(?:\s|$)	\1ettucine
((?:\s|^)[Ff])ibrous(?:\s|$)	\1iberous
((?:\s|^)[Ff])ictional(?:\s|$)	\1ictitional
((?:\s|^)[Ff])ilibuster(?:\s|$)	\1ilabuster
((?:\s|^)[Ff])ilament(?:\s|$)	\1iliment
((?:\s|^)[Ff])ilaments(?:\s|$)	\1iliments
((?:\s|^)[Ff])inanceable(?:\s|$)	\1inancable
((?:\s|^)[Ff])iery(?:\s|$)	\1irey
((?:\s|^)[Ff])easibility(?:\s|$)	\1issibility
(?:\s|^)phytosterol(?:\s|$)	fitosterol
((?:\s|^)[Ff])ifteen(?:\s|$)	\1iveteen
((?:\s|^)[Ff])ifty(?:\s|$)	\1ivety
((?:\s|^)[Ff])ragrant(?:\s|$)	\1lagrant
((?:\s|^)[Ff])leischnacka(?:\s|$)	\1leischnacke
((?:\s|^)[Ff])logged(?:\s|$)	\1loged
((?:\s|^)[Ff])logging(?:\s|$)	\1loging
((?:\s|^)[Ff])loppy(?:\s|$)	\1loopy
((?:\s|^)[Ff])luoride(?:\s|$)	\1loride
((?:\s|^)[Ff])luorides(?:\s|$)	\1lorides
((?:\s|^)[Ff])luorine(?:\s|$)	\1lourine
((?:\s|^)[Ff])luorodeoxyglucose(?:\s|$)	\1lourodeoxyglucose
((?:\s|^)[Ff])luctuate(?:\s|$)	\1luxuate
((?:\s|^)[Ff])luctuated(?:\s|$)	\1luxuated
((?:\s|^)[Ff])luctuates(?:\s|$)	\1luxuates
((?:\s|^)[Ff])luctuating(?:\s|$)	\1luxuating
((?:\s|^)[Ff])luctuation(?:\s|$)	\1luxuation
((?:\s|^)[Ff])luctuations(?:\s|$)	\1luxuations
((?:\s|^)[Ff])ossa(?:\s|$)	\1oosa
((?:\s|^)[Ff])orecast(?:\s|$)	\1orcast
((?:\s|^)[Ff])orcible(?:\s|$)	\1orceable
((?:\s|^)[Ff])orbearance(?:\s|$)	\1orebearance
((?:\s|^)[Ff])orward(?:\s|$)	\1oreward
((?:\s|^)[Ff])orgivable(?:\s|$)	\1orgiveable
((?:\s|^)[Ff])ormatted(?:\s|$)	\1ormated
((?:\s|^)[Ff])ormatting(?:\s|$)	\1ormating
((?:\s|^)[Ff])oment(?:\s|$)	\1orment
((?:\s|^)[Ff])oreseeable(?:\s|$)	\1orseeable
((?:\s|^)[Ff])ourth(?:\s|$)	\1orth
((?:\s|^)[Ff])oreword(?:\s|$)	\1orward
(?:\s|^)photograph(?:\s|$)	fotograph
((?:\s|^)[Ff])orties(?:\s|$)	\1ourties
((?:\s|^)[Ff])orty(?:\s|$)	\1ourty
((?:\s|^)[Ff])reest(?:\s|$)	\1reeest
((?:\s|^)[Ff])riend(?:\s|$)	\1reind
((?:\s|^)[Ff])requentative(?:\s|$)	\1requentive
((?:\s|^)[Ff])rivolous(?:\s|$)	\1rivilous
((?:\s|^)[Ff])rustum(?:\s|$)	\1rustrum
((?:\s|^)[Ff])uck-knuckle(?:\s|$)	\1ucknuckle
((?:\s|^)[Ff])ugazi(?:\s|$)	\1ugazy
((?:\s|^)[Ff])ulsome(?:\s|$)	\1ullsome
((?:\s|^)[Ff])uchsia(?:\s|$)	\1uschia
((?:\s|^)[Ff])uchsia(?:\s|$)	\1uschias
((?:\s|^)[Ff])usulinid(?:\s|$)	\1usilinid
((?:\s|^)[Ff])urthermore(?:\s|$)	\1uthermore
((?:\s|^)[Ff])uzzification(?:\s|$)	\1uzzyfication
((?:\s|^)[Gg])allivant(?:\s|$)	\1alavant
((?:\s|^)[Gg])alvanize(?:\s|$)	\1alvinize
((?:\s|^)[Gg])arnered(?:\s|$)	\1arned
((?:\s|^)[Gg])astrulation(?:\s|$)	\1astulation
((?:\s|^)[Gg])uarantee(?:\s|$)	\1aurantee
((?:\s|^)[Gg])enealogy(?:\s|$)	\1eneology
((?:\s|^)[Gg])enius(?:\s|$)	\1enious
((?:\s|^)[Gg])ay(?:\s|$)	\1hey
((?:\s|^)[Gg])iblets(?:\s|$)	\1ibblets
((?:\s|^)[Gg])igamp(?:\s|$)	\1igaamp
((?:\s|^)[Gg])izzard(?:\s|$)	\1izard
((?:\s|^)[Gg])lamorous(?:\s|$)	\1lamourous
((?:\s|^)[Gg])leam(?:\s|$)	\1leem
((?:\s|^)[Gg])lobes(?:\s|$)	\1lodes
((?:\s|^)[Gg])lucuronidase(?:\s|$)	\1lucoronidase
((?:\s|^)[Gg])laucous(?:\s|$)	\1lucous
((?:\s|^)[Gg])lucose(?:\s|$)	\1lucous
((?:\s|^)[Gg])luttony(?:\s|$)	\1lutony
((?:\s|^)[Gg])lycosylase(?:\s|$)	\1lycocylase
((?:\s|^)[Gg])lycosylated(?:\s|$)	\1lycoslated
(?:\s|^)knurled(?:\s|$)	gnurled
((?:\s|^)[Gg])oddamn(?:\s|$)	\1oddam
((?:\s|^)[Gg])oogol(?:\s|$)	\1ogol
((?:\s|^)[Gg])onorynchiform(?:\s|$)	\1onorhynchiform
((?:\s|^)[Gg])oogol(?:\s|$)	\1oogle
((?:\s|^)[Gg])oogolplex(?:\s|$)	\1oogleplex
((?:\s|^)[Gg])overnment(?:\s|$)	\1overment
((?:\s|^)[Gg])overn(?:\s|$)	\1ovorn
((?:\s|^)[Gg])rabbable(?:\s|$)	\1rabable
((?:\s|^)[Gg])raham(?:\s|$)	\1ram
((?:\s|^)[Gg])raminivorous(?:\s|$)	\1ramenivorous
((?:\s|^)[Gg])rammar(?:\s|$)	\1rammer
((?:\s|^)[Gg])randdads(?:\s|$)	\1randads
((?:\s|^)[Gg])randdog(?:\s|$)	\1randog
((?:\s|^)[Gg])ratuitous(?:\s|$)	\1ratuitious
((?:\s|^)[Gg])rapefruit(?:\s|$)	\1reatfruit
((?:\s|^)[Gg])rateful(?:\s|$)	\1reatful
((?:\s|^)[Gg])reatly(?:\s|$)	\1reatley
((?:\s|^)[Gg])rievous(?:\s|$)	\1revious
((?:\s|^)[Gg])reige(?:\s|$)	\1riege
((?:\s|^)[Gg])risly(?:\s|$)	\1rizzly
((?:\s|^)[Gg])auge(?:\s|$)	\1uage
((?:\s|^)[Gg])uys(?:\s|$)	\1uise
((?:\s|^)[Gg])unwale(?:\s|$)	\1unwhale
((?:\s|^)[Gg])uttural(?:\s|$)	\1utteral
((?:\s|^)[Hh])abanero(?:\s|$)	\1abaneroes
((?:\s|^)[Hh])aemopoietic(?:\s|$)	\1aemopoetic
((?:\s|^)[Hh])alapeno(?:\s|$)	\1alapenoes
((?:\s|^)[Hh])alapeno(?:\s|$)	\1alapenos
((?:\s|^)[Hh])appiness(?:\s|$)	\1appyness
((?:\s|^)[Hh])arass(?:\s|$)	\1arrass
((?:\s|^)[Hh])earth(?:\s|$)	\1arth
((?:\s|^)[Hh])eyday(?:\s|$)	\1ayday
((?:\s|^)[Hh])azelnut(?:\s|$)	\1azlenut
((?:\s|^)[Hh])exagon(?:\s|$)	\1ectagon
((?:\s|^)[Hh])eptagon(?:\s|$)	\1ectagon
((?:\s|^)[Hh])eight(?:\s|$)	\1eigth
((?:\s|^)[Hh])ierophant(?:\s|$)	\1eirophant
((?:\s|^)[Hh])ierophants(?:\s|$)	\1eirophants
((?:\s|^)[Hh])e-man(?:\s|$)	\1eman
((?:\s|^)[Hh])ematopoietic(?:\s|$)	\1ematopoeitic
((?:\s|^)[Hh])ematopoietic(?:\s|$)	\1ematopoetic
((?:\s|^)[Hh])ematoxylin(?:\s|$)	\1ematoxilin
((?:\s|^)[Hh])emidesmosome(?:\s|$)	\1emodesmosome
((?:\s|^)[Hh])emorrhoid(?:\s|$)	\1emroid
((?:\s|^)[Hh])eparin(?:\s|$)	\1eparine
((?:\s|^)[Hh])erbivorous(?:\s|$)	\1erbivourous
((?:\s|^)[Hh])earsay(?:\s|$)	\1eresay
((?:\s|^)[Hh])ermitic(?:\s|$)	\1ermetic
((?:\s|^)[Hh])eterogeneity(?:\s|$)	\1eterogenecity
((?:\s|^)[Hh])eterologous(?:\s|$)	\1eterologus
((?:\s|^)[Hh])igh-pitched(?:\s|$)	\1igh-pitch
((?:\s|^)[Hh])ighlight(?:\s|$)	\1ighlite
((?:\s|^)[Hh])ighlighted(?:\s|$)	\1ighlited
((?:\s|^)[Hh])ighlighter(?:\s|$)	\1ighliter
((?:\s|^)[Hh])ighlights(?:\s|$)	\1ighlites
((?:\s|^)[Hh])ighlighting(?:\s|$)	\1ighliting
((?:\s|^)[Hh])ighlight(?:\s|$)	\1ilight
((?:\s|^)[Hh])ighlighted(?:\s|$)	\1ilighted
((?:\s|^)[Hh])ighlighting(?:\s|$)	\1ilighting
((?:\s|^)[Hh])ighlights(?:\s|$)	\1ilights
((?:\s|^)[Hh])ippopotomonstrosesquipedaliophobia(?:\s|$)	\1ippopotomonstrosesquippedaliophobia
((?:\s|^)[Hh])ippopotamus(?:\s|$)	\1ippotamus
((?:\s|^)[Hh])istocompatibility(?:\s|$)	\1istocompatability
((?:\s|^)[Hh])orde(?:\s|$)	\1oard
((?:\s|^)[Hh])olocaust(?:\s|$)	\1olocost
((?:\s|^)[Hh])omey(?:\s|$)	\1omee
((?:\s|^)[Hh])omothety(?:\s|$)	\1omotethy
((?:\s|^)[Hh])onestly(?:\s|$)	\1onestley
((?:\s|^)[Hh])onorary(?:\s|$)	\1onourary
((?:\s|^)[Hh])oplologist(?:\s|$)	\1opologist
((?:\s|^)[Hh])orribly(?:\s|$)	\1orribley
((?:\s|^)[Hh])orror(?:\s|$)	\1orrour
((?:\s|^)[Hh])orticulturist(?:\s|$)	\1orticulturalist
((?:\s|^)[Hh])ove(?:\s|$)	\1oved
((?:\s|^)[Hh])uckaback(?:\s|$)	\1uckabuck
((?:\s|^)[Hh])urtle(?:\s|$)	\1urdle
((?:\s|^)[Hh])euristic(?:\s|$)	\1uristic
((?:\s|^)[Hh])ydrofluorocarbon(?:\s|$)	\1ydroflurocarbon
((?:\s|^)[Hh])ygienic(?:\s|$)	\1ygenic
((?:\s|^)[Hh])ypnagogic(?:\s|$)	\1ynagogic
((?:\s|^)[Hh])epatocyte(?:\s|$)	\1ypatocyte
((?:\s|^)[Hh])ypothetical(?:\s|$)	\1yperthetical
((?:\s|^)[Hh])yperostosis(?:\s|$)	\1ypertostosis
((?:\s|^)[Hh])ypochlorite(?:\s|$)	\1ypochloride
((?:\s|^)[Hh])ypocrisy(?:\s|$)	\1ypocracy
((?:\s|^)[Hh])yponatremia(?:\s|$)	\1yponathemia
((?:\s|^)[Hh])yponathemia(?:\s|$)	\1yponathemias
((?:\s|^)[Hh])istidyl(?:\s|$)	\1ystidyl
((?:\s|^)[Ii])conoclastic(?:\s|$)	\1conclastic
((?:\s|^)[Ii])chthyoid(?:\s|$)	\1cthyoid
((?:\s|^)[Ii])chthyoids(?:\s|$)	\1cthyoids
((?:\s|^)[Ii])cicle(?:\s|$)	\1cycle
((?:\s|^)[Ii])dea(?:\s|$)	\1dae
((?:\s|^)[Ii])deas(?:\s|$)	\1daes
((?:\s|^)[Ii])deologies(?:\s|$)	\1dealogies
((?:\s|^)[Ii])deology(?:\s|$)	\1dealogy
((?:\s|^)[Ii])dentical(?:\s|$)	\1denticial
((?:\s|^)[Ii])gnominious(?:\s|$)	\1gnominous
((?:\s|^)[Ii])llustrate(?:\s|$)	\1llistrate
((?:\s|^)[Ii])mminent(?:\s|$)	\1minent
((?:\s|^)[Ii])mmediately(?:\s|$)	\1mmeadiately
((?:\s|^)[Ii])midazole(?:\s|$)	\1mmidazole
((?:\s|^)[Ii])mmittance(?:\s|$)	\1mmitance
((?:\s|^)[Ii])mmunosuppression(?:\s|$)	\1mmunosupression
((?:\s|^)[Ii])mparisyllabic(?:\s|$)	\1mparasyllabic
((?:\s|^)[Ii])mpassable(?:\s|$)	\1mpassible
(?:\s|^)empirical(?:\s|$)	imperical
((?:\s|^)[Ii])mprovised(?:\s|$)	\1mprovized
((?:\s|^)[Ii])mpluvium(?:\s|$)	\1mpulvium
((?:\s|^)[Ii])nnate(?:\s|$)	\1nate
((?:\s|^)[Ii])n-between(?:\s|$)	\1nbetween
((?:\s|^)[Ii])ncestuous(?:\s|$)	\1ncestous
((?:\s|^)[Ii])ncestuously(?:\s|$)	\1ncestously
((?:\s|^)[Ii])nclement(?:\s|$)	\1nclimate
((?:\s|^)[Ii])ncommodious(?:\s|$)	\1ncommodius
((?:\s|^)[Ii])ncontrovertible(?:\s|$)	\1ncontravertable
((?:\s|^)[Ii])ncorruptible(?:\s|$)	\1ncorruptable
((?:\s|^)[Ii])ncredibly(?:\s|$)	\1ncredibley
((?:\s|^)[Ii])ncredibly(?:\s|$)	\1ncreidbly
((?:\s|^)[Ii])ndelible(?:\s|$)	\1ndelable
((?:\s|^)[Ii])dentified(?:\s|$)	\1ndentified
((?:\s|^)[Ii])ndestructible(?:\s|$)	\1ndestructable
((?:\s|^)[Ii])ndiscriminate(?:\s|$)	\1ndiscriminant
((?:\s|^)[Ii])ndiscriminately(?:\s|$)	\1ndiscriminantly
((?:\s|^)[Ii])ndispensable(?:\s|$)	\1ndispensible
((?:\s|^)[Ii])ndictments(?:\s|$)	\1nditements
((?:\s|^)[Ii])ndependent(?:\s|$)	\1ndpendent
((?:\s|^)[Ii])nfinite(?:\s|$)	\1nfinate
((?:\s|^)[Ii])nflamed(?:\s|$)	\1nflammed
((?:\s|^)[Ii])nfra-order(?:\s|$)	\1nfraorder
((?:\s|^)[Ii])nfra-orders(?:\s|$)	\1nfraorders
((?:\s|^)[Ii])ngenious(?:\s|$)	\1ngenius
((?:\s|^)[Ii])nsanity(?:\s|$)	\1nsatiaty
((?:\s|^)[Ii])nsidious(?:\s|$)	\1nsiduous
((?:\s|^)[Ii])nsistence(?:\s|$)	\1nsistance
((?:\s|^)[Ii])nsistences(?:\s|$)	\1nsistances
((?:\s|^)[Ii])nstalled(?:\s|$)	\1nstaled
((?:\s|^)[Ii])nstalling(?:\s|$)	\1nstaling
((?:\s|^)[Ii])nstantiate(?:\s|$)	\1nstanciate
((?:\s|^)[Ii])nstantiating(?:\s|$)	\1nstanciating
((?:\s|^)[Ii])nstantiation(?:\s|$)	\1nstanciation
((?:\s|^)[Ii])nstantaneous(?:\s|$)	\1nstaneous
((?:\s|^)[Ii])nstrumentation(?:\s|$)	\1nstrumention
((?:\s|^)[Ii])ntelligent(?:\s|$)	\1ntellegent
((?:\s|^)[Ii])nteractor(?:\s|$)	\1nteracter
((?:\s|^)[Ii])nterchangeable(?:\s|$)	\1nterchangable
((?:\s|^)[Ii])nterested(?:\s|$)	\1nteressed
((?:\s|^)[Ii])ntramyocardial(?:\s|$)	\1ntermyocardial
((?:\s|^)[Ii])nterpreted(?:\s|$)	\1nterpretated
((?:\s|^)[Ii])nterpreter(?:\s|$)	\1nterpretor
((?:\s|^)[Ii])nteresting(?:\s|$)	\1nterresting
((?:\s|^)[Ii])ntrauterine(?:\s|$)	\1nteruterine
(?:\s|^)entirely(?:\s|$)	intirely
((?:\s|^)[Ii])ntraocular(?:\s|$)	\1ntraoccular
((?:\s|^)[Ii])ntravenous(?:\s|$)	\1ntraveneous
((?:\s|^)[Ii])nteresting(?:\s|$)	\1ntresting
((?:\s|^)[Ii])Pod(?:\s|$)	\1pod
((?:\s|^)[Ii])ridic(?:\s|$)	\1ritic
((?:\s|^)[Ii])rritable(?:\s|$)	\1rratable
((?:\s|^)[Ii])rreplaceable(?:\s|$)	\1rreplacable
((?:\s|^)[Ii])rresistible(?:\s|$)	\1rresistable
((?:\s|^)[Ii])rresistibly(?:\s|$)	\1rresistably
(?:\s|^)arrhythmia(?:\s|$)	irrhythmia
((?:\s|^)[Ii])ridescent(?:\s|$)	\1rridescent
(?:\s|^)erupt(?:\s|$)	irrupt
((?:\s|^)[Ii])sn't(?:\s|$)	\1sint
((?:\s|^)[Ii])sn't(?:\s|$)	\1snt
((?:\s|^)[Ii])soflurane(?:\s|$)	\1soflourane
(?:\s|^)eisegesis(?:\s|$)	isogesis
(?:\s|^)eisegesis(?:\s|$)	isogetical
((?:\s|^)[Ii])ts(?:\s|$)	\1ts'
((?:\s|^)[Jj])ackknife(?:\s|$)	\1acknife
((?:\s|^)[Jj])alapeno(?:\s|$)	\1alapenoes
((?:\s|^)[Jj])eopardy(?:\s|$)	\1epoardy
((?:\s|^)[Jj])ewellery(?:\s|$)	\1ewelery
((?:\s|^)[Jj])ewelry(?:\s|$)	\1ewlery
(?:\s|^)gill(?:\s|$)	jill
(?:\s|^)gypped(?:\s|$)	jipped
(?:\s|^)gypping(?:\s|$)	jipping
((?:\s|^)[Jj])otting(?:\s|$)	\1ottering
((?:\s|^)[Jj])ubilance(?:\s|$)	\1ubilence
((?:\s|^)[Jj])ubilant(?:\s|$)	\1ubilent
((?:\s|^)[Jj])ubilantly(?:\s|$)	\1ubilently
((?:\s|^)[Jj])uxtaposition(?:\s|$)	\1uxtoposition
(?:\s|^)car(?:\s|$)	kar
((?:\s|^)[Kk])eet(?:\s|$)	\1eat
((?:\s|^)[Kk])eep(?:\s|$)	\1eeped
((?:\s|^)[Kk])enned(?:\s|$)	\1ened
((?:\s|^)[Kk])enning(?:\s|$)	\1ening
((?:\s|^)[Kk])ernel(?:\s|$)	\1ernal
((?:\s|^)[Kk])estrel(?:\s|$)	\1estral
((?:\s|^)[Kk])etoglutarate(?:\s|$)	\1etogluterate
((?:\s|^)[Kk])indergartner(?:\s|$)	\1indegardner
((?:\s|^)[Kk])indergarten(?:\s|$)	\1indergarden
((?:\s|^)[Kk])indergartner(?:\s|$)	\1indergardener
((?:\s|^)[Kk])indergartner(?:\s|$)	\1indergardner
((?:\s|^)[Kk])indergarten(?:\s|$)	\1intergarden
(?:\s|^)connive(?:\s|$)	knive
((?:\s|^)[Ll])aboratory(?:\s|$)	\1abouratory
((?:\s|^)[Ll])abyrinth(?:\s|$)	\1abryinth
((?:\s|^)[Ll])ambda(?:\s|$)	\1amda
((?:\s|^)[Ll])ambdoid(?:\s|$)	\1amdoid
((?:\s|^)[Ll])amellipodium(?:\s|$)	\1amellopodium
((?:\s|^)[Ll])anguage(?:\s|$)	\1angauge
((?:\s|^)[Ll])anguor(?:\s|$)	\1angour
((?:\s|^)[Ll])aparotomy(?:\s|$)	\1aparatomy
((?:\s|^)[Ll])asso(?:\s|$)	\1assoo
((?:\s|^)[Ll])aundromat(?:\s|$)	\1aundrymat
((?:\s|^)[Ll])ackadaisical(?:\s|$)	\1axadaisical
((?:\s|^)[Ll])aser(?:\s|$)	\1azer
((?:\s|^)[Ll])ed(?:\s|$)	\1ead
((?:\s|^)[Ll])eisure(?:\s|$)	\1easure
((?:\s|^)[Ll])ectern(?:\s|$)	\1ecturn
((?:\s|^)[Ll])egerdemain(?:\s|$)	\1edgerdemain
((?:\s|^)[Ll])egible(?:\s|$)	\1egable
((?:\s|^)[Ll])egendary(?:\s|$)	\1egendry
((?:\s|^)[Ll])eggero(?:\s|$)	\1eggiero
((?:\s|^)[Ll])egionnaire(?:\s|$)	\1egionaire
((?:\s|^)[Ll])egitimacy(?:\s|$)	\1egitimity
((?:\s|^)[Ll])ens(?:\s|$)	\1ense
((?:\s|^)[Ll])ensless(?:\s|$)	\1enseless
((?:\s|^)[Ll])entil(?:\s|$)	\1ental
((?:\s|^)[Ll])eper(?:\s|$)	\1epper
((?:\s|^)[Ll])exicographical(?:\s|$)	\1exigraphical
((?:\s|^)[Ll])iaise(?:\s|$)	\1iase
((?:\s|^)[Ll])iaison(?:\s|$)	\1iason
((?:\s|^)[Ll])ying(?:\s|$)	\1ieing
((?:\s|^)[Ll])ike(?:\s|$)	\1iek
((?:\s|^)[Ll])iar(?:\s|$)	\1ier
((?:\s|^)[Ll])ightning(?:\s|$)	\1ightening
((?:\s|^)[Ll])i'l(?:\s|$)	\1il'
((?:\s|^)[Ll])ily(?:\s|$)	\1illy
((?:\s|^)[Ll])ipoteichoic(?:\s|$)	\1ipotechoic
((?:\s|^)[Ll])ithopedion(?:\s|$)	\1ithopedian
((?:\s|^)[Ll])ivelihood(?:\s|$)	\1ivelyhood
((?:\s|^)[Ll])oathsome(?:\s|$)	\1oathesome
((?:\s|^)[Ll])ongitude(?:\s|$)	\1ongtitude
((?:\s|^)[Ll])ongitudinal(?:\s|$)	\1ongtitudinal
((?:\s|^)[Ll])ose(?:\s|$)	\1oose
((?:\s|^)[Ll])oser(?:\s|$)	\1ooser
((?:\s|^)[Ll])oquacious(?:\s|$)	\1oquatious
((?:\s|^)[Ll])oquaciousness(?:\s|$)	\1oquatiousness
((?:\s|^)[Ll])oosest(?:\s|$)	\1osest
((?:\s|^)[Ll])ucrative(?:\s|$)	\1ucerative
((?:\s|^)[Ll])uminosity(?:\s|$)	\1uminousity
((?:\s|^)[Ll])ustrous(?:\s|$)	\1usterous
((?:\s|^)[Ll])ove(?:\s|$)	\1uv
((?:\s|^)[Ll])incomycin(?:\s|$)	\1yncomicin
((?:\s|^)[Ll])yophilized(?:\s|$)	\1yophylized
((?:\s|^)[Ll])ipophosphoglycan(?:\s|$)	\1ypophosphoglycan
((?:\s|^)[Ll])ysosomotropic(?:\s|$)	\1ysomotropic
((?:\s|^)[Mm])aybe(?:\s|$)	\1abey
((?:\s|^)[Mm])aybe(?:\s|$)	\1abye
((?:\s|^)[Mm])agnetometry(?:\s|$)	\1agnetometery
((?:\s|^)[Mm])anganiferous(?:\s|$)	\1agniferous
((?:\s|^)[Mm])agnificent(?:\s|$)	\1agnificant
((?:\s|^)[Mm])agnoliid(?:\s|$)	\1agnolid
((?:\s|^)[Mm])aintenance(?:\s|$)	\1aintainence
((?:\s|^)[Mm])aking(?:\s|$)	\1akeing
((?:\s|^)[Mm])alabsorption(?:\s|$)	\1alabsorbtion
((?:\s|^)[Mm])ammary(?:\s|$)	\1ammery
((?:\s|^)[Mm])anageable(?:\s|$)	\1anagable
((?:\s|^)[Mm])anoeuvre(?:\s|$)	\1aneouvre
((?:\s|^)[Mm])anoeuvrability(?:\s|$)	\1aneuvreability
((?:\s|^)[Mm])aneuver(?:\s|$)	\1anoever
((?:\s|^)[Mm])aneuver(?:\s|$)	\1anouver
((?:\s|^)[Mm])anoeuvre(?:\s|$)	\1anouvre
((?:\s|^)[Mm])arijuana(?:\s|$)	\1arijauna
((?:\s|^)[Mm])armalade(?:\s|$)	\1armelade
((?:\s|^)[Mm])arshmallow(?:\s|$)	\1arshmellow
((?:\s|^)[Mm])asonry(?:\s|$)	\1asonary
((?:\s|^)[Mm])asturbate(?:\s|$)	\1asterbate
((?:\s|^)[Mm])asturbated(?:\s|$)	\1asterbated
((?:\s|^)[Mm])asturbates(?:\s|$)	\1asterbates
((?:\s|^)[Mm])asturbating(?:\s|$)	\1asterbating
((?:\s|^)[Mm])eanness(?:\s|$)	\1eaness
((?:\s|^)[Mm])easurable(?:\s|$)	\1easureable
((?:\s|^)[Mm])edicine(?:\s|$)	\1edecine
((?:\s|^)[Mm])ega-amp(?:\s|$)	\1egaamp
((?:\s|^)[Mm])ebibyte(?:\s|$)	\1egibyte
((?:\s|^)[Mm])ellifluous(?:\s|$)	\1ellifulous
((?:\s|^)[Mm])elphalan(?:\s|$)	\1elphalin
((?:\s|^)[Mm])embrane(?:\s|$)	\1embrain
((?:\s|^)[Mm])en's(?:\s|$)	\1ens
((?:\s|^)[Mm])enstruate(?:\s|$)	\1enstrate
((?:\s|^)[Mm])ephedrone(?:\s|$)	\1ephedrine
((?:\s|^)[Mm])ethedrine(?:\s|$)	\1ephedrine
((?:\s|^)[Mm])esentery(?:\s|$)	\1esentry
((?:\s|^)[Mm])esmerise(?:\s|$)	\1esmorise
((?:\s|^)[Mm])essaging(?:\s|$)	\1essageing
((?:\s|^)[Mm])esangial(?:\s|$)	\1essangial
((?:\s|^)[Mm])etabolome(?:\s|$)	\1etabalome
((?:\s|^)[Mm])etallothionein(?:\s|$)	\1etalothionein
((?:\s|^)[Mm])etaphor(?:\s|$)	\1etaphore
((?:\s|^)[Mm])etastatic(?:\s|$)	\1etastastic
((?:\s|^)[Mm])etastasize(?:\s|$)	\1etastisize
((?:\s|^)[Mm])etrical(?:\s|$)	\1eterical
((?:\s|^)[Mm])eteorologist(?:\s|$)	\1eterologist
((?:\s|^)[Mm])eteorology(?:\s|$)	\1eterology
((?:\s|^)[Mm])etatherian(?:\s|$)	\1ethatherian
((?:\s|^)[Mm])ethinks(?:\s|$)	\1ethink
((?:\s|^)[Mm])etonymy(?:\s|$)	\1etonomy
((?:\s|^)[Mm])yiasis(?:\s|$)	\1iasis
((?:\s|^)[Mm])edieval(?:\s|$)	\1id-evil
((?:\s|^)[Mm])edieval(?:\s|$)	\1idevil
((?:\s|^)[Mm])illiliter(?:\s|$)	\1ililiter
((?:\s|^)[Mm])illimeter(?:\s|$)	\1ilimeter
((?:\s|^)[Mm])illennia(?:\s|$)	\1illenia
((?:\s|^)[Mm])illennium(?:\s|$)	\1illenium
((?:\s|^)[Mm])illipede(?:\s|$)	\1illepede
((?:\s|^)[Mm])illipedes(?:\s|$)	\1illepedes
((?:\s|^)[Mm])inuscule(?:\s|$)	\1iniscule
((?:\s|^)[Mm])inuscules(?:\s|$)	\1iniscules
((?:\s|^)[Mm])ischievous(?:\s|$)	\1ischevious
((?:\s|^)[Mm])ischievous(?:\s|$)	\1ischievious
((?:\s|^)[Mm])iserably(?:\s|$)	\1iserabley
((?:\s|^)[Mm])isspell(?:\s|$)	\1ispell
((?:\s|^)[Mm])isspelling(?:\s|$)	\1ispelling
((?:\s|^)[Mm])isspelt(?:\s|$)	\1ispelt
((?:\s|^)[Mm])isprision(?:\s|$)	\1isprison
((?:\s|^)[Mm])ispronunciation(?:\s|$)	\1ispronounciation
((?:\s|^)[Mm])ystify(?:\s|$)	\1istify
((?:\s|^)[Mm])itosis(?:\s|$)	\1itotis
((?:\s|^)[Mm])isled(?:\s|$)	\1izzled
((?:\s|^)[Mm])olested(?:\s|$)	\1olestered
((?:\s|^)[Mm])emento(?:\s|$)	\1omento
((?:\s|^)[Mm])omentoes(?:\s|$)	\1omentos
((?:\s|^)[Mm])onoubiquitinated(?:\s|$)	\1onoubiquinated
((?:\s|^)[Mm])onstrous(?:\s|$)	\1onsterous
((?:\s|^)[Mm])onstrously(?:\s|$)	\1onsterously
((?:\s|^)[Mm])ortgage(?:\s|$)	\1ortage
((?:\s|^)[Mm])otorcycle(?:\s|$)	\1otorcicle
((?:\s|^)[Mm])ottled(?:\s|$)	\1otted
((?:\s|^)[Mm])atzo(?:\s|$)	\1otza
((?:\s|^)[Mm])atzos(?:\s|$)	\1otzas
((?:\s|^)[Mm])outhful(?:\s|$)	\1outhfull
((?:\s|^)[Mm])sg(?:\s|$)	\1ssg
((?:\s|^)[Mm])ultitude(?:\s|$)	\1ultitide
((?:\s|^)[Mm])utilate(?:\s|$)	\1utiliate
((?:\s|^)[Mm])yelitis(?:\s|$)	\1yletis
((?:\s|^)[Mm])yofascial(?:\s|$)	\1yofacial
((?:\s|^)[Nn])ativity(?:\s|$)	\1aivity
((?:\s|^)[Nn])aphthol(?:\s|$)	\1aphtol
(?:\s|^)knapsack(?:\s|$)	napsack
((?:\s|^)[Nn])ationalist(?:\s|$)	\1ationist
((?:\s|^)[Nn])avigable(?:\s|$)	\1avagable
(?:\s|^)meander(?:\s|$)	neander
((?:\s|^)[Nn])ecrotized(?:\s|$)	\1ecroticized
((?:\s|^)[Nn])iece(?:\s|$)	\1eice
((?:\s|^)[Nn])eurotransmitter(?:\s|$)	\1eurotransmiter
((?:\s|^)[Nn])eurotransmitters(?:\s|$)	\1eurotransmiters
((?:\s|^)[Nn])ickel(?:\s|$)	\1ickle
((?:\s|^)[Nn])idicolous(?:\s|$)	\1idiculous
((?:\s|^)[Nn])inth(?:\s|$)	\1ineth
((?:\s|^)[Nn])inthly(?:\s|$)	\1inethly
((?:\s|^)[Nn])injutsu(?:\s|$)	\1injitsu
((?:\s|^)[Nn])ineteenth(?:\s|$)	\1inteenth
((?:\s|^)[Nn])inety(?:\s|$)	\1inty
((?:\s|^)[Nn])iche(?:\s|$)	\1itch
((?:\s|^)[Nn])oble(?:\s|$)	\1obel
(?:\s|^)knock(?:\s|$)	nock
((?:\s|^)[Nn])ormoxic(?:\s|$)	\1omoxic
((?:\s|^)[Nn])onexistent(?:\s|$)	\1on-existant
((?:\s|^)[Nn])on-Japanese(?:\s|$)	\1on-japanese
((?:\s|^)[Nn])omenclature(?:\s|$)	\1onclemature
((?:\s|^)[Nn])oncommittally(?:\s|$)	\1oncomittally
((?:\s|^)[Nn])onoccurrence(?:\s|$)	\1onoccurence
((?:\s|^)[Nn])otwithstanding(?:\s|$)	\1onwithstanding
((?:\s|^)[Nn])ormochromic(?:\s|$)	\1ormocromic
((?:\s|^)[Nn])otable(?:\s|$)	\1oteable
((?:\s|^)[Nn])oticeable(?:\s|$)	\1oticable
((?:\s|^)[Nn])uptial(?:\s|$)	\1uptual
((?:\s|^)[Nn])ychthemeral(?:\s|$)	\1yctemeral
((?:\s|^)[Oo])bloquy(?:\s|$)	\1bloquoy
((?:\s|^)[Oo])btrusive(?:\s|$)	\1bstrusive
((?:\s|^)[Oo])ccasionally(?:\s|$)	\1ccassionally
((?:\s|^)[Oo])ccasion(?:\s|$)	\1ccation
((?:\s|^)[Oo])ccurrence(?:\s|$)	\1ccerence
((?:\s|^)[Oo])ccurred(?:\s|$)	\1ccured
((?:\s|^)[Oo])ccurrence(?:\s|$)	\1ccurence
((?:\s|^)[Oo])ccur(?:\s|$)	\1ccuring
((?:\s|^)[Oo])ctopus(?:\s|$)	\1ctapus
((?:\s|^)[Oo])ctoword(?:\s|$)	\1ctaword
(?:\s|^)ectopic(?:\s|$)	octopic
((?:\s|^)[Oo])edema(?:\s|$)	\1dema
((?:\s|^)[Oo])dorous(?:\s|$)	\1dourous
((?:\s|^)[Oo])dorously(?:\s|$)	\1dourously
((?:\s|^)[Oo])dorousness(?:\s|$)	\1dourousness
((?:\s|^)[Oo])enophile(?:\s|$)	\1enaphile
((?:\s|^)[Oo])fficial(?:\s|$)	\1ffical
((?:\s|^)[Oo])mission(?:\s|$)	\1mmission
((?:\s|^)[Oo])mniscient(?:\s|$)	\1mniscent
((?:\s|^)[Oo])mnivorous(?:\s|$)	\1mnivourous
(?:\s|^)undulatory(?:\s|$)	ondulatory
((?:\s|^)[Oo])nomatopoeia(?:\s|$)	\1nomatapoeia
((?:\s|^)[Oo])gle(?:\s|$)	\1ogle
((?:\s|^)[Oo])phthalmology(?:\s|$)	\1phthamology
((?:\s|^)[Oo])possum(?:\s|$)	\1pposum
((?:\s|^)[Oo])ops(?:\s|$)	\1pps
((?:\s|^)[Oo])pportunity(?:\s|$)	\1ppurtunity
((?:\s|^)[Oo])phthalmic(?:\s|$)	\1pthalmic
((?:\s|^)[Oo])phthalmologist(?:\s|$)	\1pthalmologist
((?:\s|^)[Oo])phthalmology(?:\s|$)	\1pthalmology
((?:\s|^)[Oo])phthalmoscope(?:\s|$)	\1pthalmoscope
((?:\s|^)[Oo])phthalmology(?:\s|$)	\1pthamology
((?:\s|^)[Oo])rganophosphorus(?:\s|$)	\1rganophosphorous
((?:\s|^)[Oo])rgasm(?:\s|$)	\1rgasum
((?:\s|^)[Oo])range(?:\s|$)	\1rnge
((?:\s|^)[Oo])rthodromic(?:\s|$)	\1rthodromical
((?:\s|^)[Oo])rthologue(?:\s|$)	\1rtologue
((?:\s|^)[Oo])smolyte(?:\s|$)	\1smolite
((?:\s|^)[Oo])stentatious(?:\s|$)	\1stentious
((?:\s|^)[Oo])stracize(?:\s|$)	\1strasize
((?:\s|^)[Oo])stracization(?:\s|$)	\1stricization
((?:\s|^)[Oo])stracize(?:\s|$)	\1stricize
((?:\s|^)[Oo])stracize(?:\s|$)	\1strisize
((?:\s|^)[Oo])euvre(?:\s|$)	\1uvre
((?:\s|^)[Oo])verweening(?:\s|$)	\1verweaning
((?:\s|^)[Pp])aginate(?:\s|$)	\1agenate
((?:\s|^)[Pp])ack(?:\s|$)	\1ak
((?:\s|^)[Pp])alette(?:\s|$)	\1allette
((?:\s|^)[Pp])omegranate(?:\s|$)	\1almigranite
((?:\s|^)[Pp])aralytic(?:\s|$)	\1araletic
((?:\s|^)[Pp])aromomycin(?:\s|$)	\1aramomycin
((?:\s|^)[Pp])aracingulate(?:\s|$)	\1arancingulate
((?:\s|^)[Pp])aronomasia(?:\s|$)	\1aranomasia
((?:\s|^)[Pp])araphysis(?:\s|$)	\1arapohysis
((?:\s|^)[Pp])araphyseal(?:\s|$)	\1arapophyseal
((?:\s|^)[Pp])arisyllabic(?:\s|$)	\1arasyllabic
((?:\s|^)[Pp])arasympathetic(?:\s|$)	\1arasympathic
((?:\s|^)[Pp])aralogy(?:\s|$)	\1arology
((?:\s|^)[Pp])ave(?:\s|$)	\1athe
((?:\s|^)[Pp])eaceable(?:\s|$)	\1eacable
((?:\s|^)[Pp])eaceably(?:\s|$)	\1eacably
((?:\s|^)[Pp])ique(?:\s|$)	\1eak
((?:\s|^)[Pp])ec(?:\s|$)	\1eck
((?:\s|^)[Pp])ique(?:\s|$)	\1eek
((?:\s|^)[Pp])eal(?:\s|$)	\1eel
((?:\s|^)[Pp])enes(?:\s|$)	\1eenies
((?:\s|^)[Pp])eloton(?:\s|$)	\1eleton
((?:\s|^)[Pp])elleted(?:\s|$)	\1elletted
((?:\s|^)[Pp])entobarbitone(?:\s|$)	\1entabarbitone
((?:\s|^)[Pp])erceive(?:\s|$)	\1ercieve
((?:\s|^)[Pp])erceived(?:\s|$)	\1ercieved
((?:\s|^)[Pp])erceives(?:\s|$)	\1ercieves
((?:\s|^)[Pp])erceiving(?:\s|$)	\1ercieving
((?:\s|^)[Pp])ejorative(?:\s|$)	\1erjorative
((?:\s|^)[Pp])ermissible(?:\s|$)	\1ermissable
((?:\s|^)[Pp])ermission(?:\s|$)	\1ermition
((?:\s|^)[Pp])ermissions(?:\s|$)	\1ermitions
((?:\s|^)[Pp])rerogative(?:\s|$)	\1erogative
((?:\s|^)[Pp])eroxisome(?:\s|$)	\1eroxysome
((?:\s|^)[Pp])rescription(?:\s|$)	\1erscription
((?:\s|^)[Pp])erseverance(?:\s|$)	\1erserverance
((?:\s|^)[Pp])ersevere(?:\s|$)	\1erservere
((?:\s|^)[Pp])ersistent(?:\s|$)	\1ersistant
((?:\s|^)[Pp])ersonification(?:\s|$)	\1ersonifacation
((?:\s|^)[Pp])erspicuity(?:\s|$)	\1erspecuity
((?:\s|^)[Pp])erusal(?:\s|$)	\1ersual
((?:\s|^)[Pp])ursual(?:\s|$)	\1ersual
((?:\s|^)[Pp])ursue(?:\s|$)	\1ersue
((?:\s|^)[Pp])ursued(?:\s|$)	\1ersued
((?:\s|^)[Pp])ertinent(?:\s|$)	\1ertinant
((?:\s|^)[Pp])H(?:\s|$)	\1h
((?:\s|^)[Pp])haraoh(?:\s|$)	\1haroah
(?:\s|^)faze(?:\s|$)	phase
((?:\s|^)[Pp])hoenix(?:\s|$)	\1heonix
((?:\s|^)[Pp])hosphoinositide(?:\s|$)	\1hosphoinoside
((?:\s|^)[Pp])hospholipid(?:\s|$)	\1hosphoplipid
((?:\s|^)[Pp])hosphoramidite(?:\s|$)	\1hosphoramidate
((?:\s|^)[Pp])hosphorous(?:\s|$)	\1hosphourous
((?:\s|^)[Pp])hagocyte(?:\s|$)	\1hygocyte
(?:\s|^)feasible(?:\s|$)	physible
((?:\s|^)[Pp])hysisorbed(?:\s|$)	\1hysisorped
((?:\s|^)[Pp])icaridin(?:\s|$)	\1icaridine
((?:\s|^)[Pp])ictorial(?:\s|$)	\1ictoral
((?:\s|^)[Pp])ictorially(?:\s|$)	\1ictorally
((?:\s|^)[Pp])imiento(?:\s|$)	\1imientoes
((?:\s|^)[Pp])incer(?:\s|$)	\1incher
((?:\s|^)[Pp])laque(?:\s|$)	\1lack
((?:\s|^)[Pp])lacard(?:\s|$)	\1lackard
((?:\s|^)[Pp])laque(?:\s|$)	\1lacque
((?:\s|^)[Pp])lagiarism(?:\s|$)	\1lagarism
((?:\s|^)[Pp])lagiarism(?:\s|$)	\1laigiarism
((?:\s|^)[Pp])lasmid(?:\s|$)	\1lamid
((?:\s|^)[Pp])lanetesimal(?:\s|$)	\1lanetessimal
((?:\s|^)[Pp])laywright(?:\s|$)	\1layright
((?:\s|^)[Pp])laywright(?:\s|$)	\1laywrite
((?:\s|^)[Pp])leiotropic(?:\s|$)	\1leiotrophic
((?:\s|^)[Pp])leiotropic(?:\s|$)	\1leotropic
((?:\s|^)[Pp])luripotent(?:\s|$)	\1leuripotent
((?:\s|^)[Pp])oker(?:\s|$)	\1ocker
((?:\s|^)[Pp])oinsettia(?:\s|$)	\1oinsetta
((?:\s|^)[Pp])oinsettias(?:\s|$)	\1oinsettas
((?:\s|^)[Pp])oinsettia(?:\s|$)	\1ointsettia
((?:\s|^)[Pp])oinsettias(?:\s|$)	\1ointsettias
((?:\s|^)[Pp])olka(?:\s|$)	\1oka
((?:\s|^)[Pp])olyneuropathy(?:\s|$)	\1olineuropathy
((?:\s|^)[Pp])olyacrylamide(?:\s|$)	\1olyacrilamide
((?:\s|^)[Pp])olyethyleneimine(?:\s|$)	\1olyethylenimine
((?:\s|^)[Pp])olythene(?:\s|$)	\1olyphene
((?:\s|^)[Pp])opsicle(?:\s|$)	\1opcycle
((?:\s|^)[Pp])ossession(?:\s|$)	\1ossesion
((?:\s|^)[Pp])ossession(?:\s|$)	\1ossesions
((?:\s|^)[Pp])ossibly(?:\s|$)	\1ossibley
((?:\s|^)[Pp])ossibilities(?:\s|$)	\1ossiblities
((?:\s|^)[Pp])otato(?:\s|$)	\1otatoe
((?:\s|^)[Pp])otatoes(?:\s|$)	\1otatos
((?:\s|^)[Pp])ore(?:\s|$)	\1our
((?:\s|^)[Pp])owerful(?:\s|$)	\1owerfull
((?:\s|^)[Pp])ractitioner(?:\s|$)	\1racticioner
((?:\s|^)[Pp])recede(?:\s|$)	\1receed
((?:\s|^)[Pp])redilection(?:\s|$)	\1redeliction
((?:\s|^)[Pp])redator(?:\s|$)	\1reditor
((?:\s|^)[Pp])redictor(?:\s|$)	\1reditor
((?:\s|^)[Pp])rejudice(?:\s|$)	\1redjudice
((?:\s|^)[Pp])rejudices(?:\s|$)	\1redjudices
((?:\s|^)[Pp])referred(?:\s|$)	\1refered
((?:\s|^)[Pp])referring(?:\s|$)	\1refering
((?:\s|^)[Pp])erform(?:\s|$)	\1reform
((?:\s|^)[Pp])renuptial(?:\s|$)	\1renuptual
((?:\s|^)[Pp])reponderance(?:\s|$)	\1reponderence
((?:\s|^)[Pp])receding(?:\s|$)	\1reseeding
((?:\s|^)[Pp])resumptuous(?:\s|$)	\1resumptious
((?:\s|^)[Pp])revalent(?:\s|$)	\1revalant
((?:\s|^)[Pp])retty(?:\s|$)	\1ritty
((?:\s|^)[Pp])robably(?:\s|$)	\1robabley
((?:\s|^)[Pp])roceed(?:\s|$)	\1rocede
((?:\s|^)[Pp])rogrammatically(?:\s|$)	\1rogramatically
((?:\s|^)[Pp])rogrammed(?:\s|$)	\1rogramed
((?:\s|^)[Pp])rogramming(?:\s|$)	\1rograming
((?:\s|^)[Pp])rofligate(?:\s|$)	\1rolifigate
((?:\s|^)[Pp])rolonged(?:\s|$)	\1rolongued
((?:\s|^)[Pp])orn(?:\s|$)	\1ron
((?:\s|^)[Pp])ronunciation(?:\s|$)	\1ronounciation
((?:\s|^)[Pp])rove(?:\s|$)	\1roove
((?:\s|^)[Pp])ropaganda(?:\s|$)	\1ropoganda
((?:\s|^)[Pp])ropagate(?:\s|$)	\1ropogate
((?:\s|^)[Pp])ropagate(?:\s|$)	\1ropogated
((?:\s|^)[Pp])ropagate(?:\s|$)	\1ropogates
((?:\s|^)[Pp])ropagate(?:\s|$)	\1ropogating
((?:\s|^)[Pp])urport(?:\s|$)	\1roport
((?:\s|^)[Pp])rosciutto(?:\s|$)	\1roscuitto
((?:\s|^)[Pp])rosthetic(?:\s|$)	\1rostetic
((?:\s|^)[Pp])rotectability(?:\s|$)	\1rotectibility
((?:\s|^)[Pp])roteinuria(?:\s|$)	\1roteinurea
((?:\s|^)[Pp])roteasomal(?:\s|$)	\1roteosomal
((?:\s|^)[Pp])rotuberance(?:\s|$)	\1rotruberance
((?:\s|^)[Pp])seudo(?:\s|$)	\1suedo
((?:\s|^)[Pp])seudo-(?:\s|$)	\1suedo-
((?:\s|^)[Pp])erjury(?:\s|$)	\1urgery
((?:\s|^)[Pp])uerile(?:\s|$)	\1urile
((?:\s|^)[Pp])usillanimous(?:\s|$)	\1usilanimous
((?:\s|^)[Pp])yrolytic(?:\s|$)	\1yrolitic
((?:\s|^)[Pp])yrrolidine(?:\s|$)	\1yrollidine
((?:\s|^)[Qq])uadrupole(?:\s|$)	\1uadropole
(?:\s|^)coif(?:\s|$)	quaff
((?:\s|^)[Qq])uandary(?:\s|$)	\1uandry
(?:\s|^)cue(?:\s|$)	que
((?:\s|^)[Qq])uickly(?:\s|$)	\1uickley
((?:\s|^)[Qq])uiescence(?:\s|$)	\1uiesence
((?:\s|^)[Qq])uinquennium(?:\s|$)	\1uinquenium
((?:\s|^)[Rr])adios(?:\s|$)	\1adioes
((?:\s|^)[Rr])adiometric(?:\s|$)	\1adiomeric
((?:\s|^)[Rr])amification(?:\s|$)	\1amnification
((?:\s|^)[Rr])apamycin(?:\s|$)	\1apamycine
((?:\s|^)[Rr])approchement(?:\s|$)	\1approachment
((?:\s|^)[Rr])acquet(?:\s|$)	\1aquet
((?:\s|^)[Rr])acquetball(?:\s|$)	\1aquetball
((?:\s|^)[Rr])arely(?:\s|$)	\1arley
((?:\s|^)[Rr])aspberry(?:\s|$)	\1asberry
((?:\s|^)[Rr])eactivate(?:\s|$)	\1e-activate
((?:\s|^)[Rr])eadability(?:\s|$)	\1eadibility
((?:\s|^)[Rr])eagent(?:\s|$)	\1eagant
((?:\s|^)[Rr])eagant(?:\s|$)	\1eagants
((?:\s|^)[Rr])eally(?:\s|$)	\1ealley
((?:\s|^)[Rr])ebel(?:\s|$)	\1ebble
((?:\s|^)[Rr])ecede(?:\s|$)	\1eceed
((?:\s|^)[Rr])ecycle(?:\s|$)	\1ecicle
((?:\s|^)[Rr])eceive(?:\s|$)	\1ecieve
((?:\s|^)[Rr])escind(?:\s|$)	\1ecind
((?:\s|^)[Rr])eclinable(?:\s|$)	\1eclineable
((?:\s|^)[Rr])ecompensed(?:\s|$)	\1ecompenced
((?:\s|^)[Rr])ecompenses(?:\s|$)	\1ecompences
((?:\s|^)[Rr])ecompensing(?:\s|$)	\1ecompencing
((?:\s|^)[Rr])econnaissance(?:\s|$)	\1econaissance
((?:\s|^)[Rr])econnaissance(?:\s|$)	\1econnaisance
((?:\s|^)[Rr])econnoiter(?:\s|$)	\1econoiter
((?:\s|^)[Rr])eferred(?:\s|$)	\1efered
((?:\s|^)[Rr])eferrer(?:\s|$)	\1eferer
((?:\s|^)[Rr])eferer(?:\s|$)	\1eferers
((?:\s|^)[Rr])eferring(?:\s|$)	\1efering
((?:\s|^)[Rr])eflector(?:\s|$)	\1eflecter
((?:\s|^)[Rr])efrigerator(?:\s|$)	\1efridgerator
((?:\s|^)[Rr])eining-in(?:\s|$)	\1eigning-in
((?:\s|^)[Rr])einterring(?:\s|$)	\1eintering
((?:\s|^)[Rr])ejuvenate(?:\s|$)	\1ejuvinate
((?:\s|^)[Rr])enown(?:\s|$)	\1eknown
((?:\s|^)[Rr])enowned(?:\s|$)	\1eknowned
((?:\s|^)[Rr])elevant(?:\s|$)	\1elevent
((?:\s|^)[Rr])elegated(?:\s|$)	\1eligated
((?:\s|^)[Rr])emember(?:\s|$)	\1emeber
((?:\s|^)[Rr])emembrance(?:\s|$)	\1ememberance
((?:\s|^)[Rr])emanence(?:\s|$)	\1emenance
((?:\s|^)[Rr])endezvous(?:\s|$)	\1endevous
((?:\s|^)[Rr])enege(?:\s|$)	\1enig
((?:\s|^)[Rr])emuneration(?:\s|$)	\1enumeration
((?:\s|^)[Rr])eoccurred(?:\s|$)	\1eoccured
((?:\s|^)[Rr])eoccurring(?:\s|$)	\1eoccuring
((?:\s|^)[Rr])epechage(?:\s|$)	\1epecharge
((?:\s|^)[Rr])epeller(?:\s|$)	\1epellor
((?:\s|^)[Rr])epechage(?:\s|$)	\1epercharge
((?:\s|^)[Rr])epetitive(?:\s|$)	\1epetetive
((?:\s|^)[Rr])eplaceable(?:\s|$)	\1eplacable
((?:\s|^)[Rr])apport(?:\s|$)	\1epoire
((?:\s|^)[Rr])eproducibility(?:\s|$)	\1eproducability
((?:\s|^)[Rr])equest(?:\s|$)	\1eqest
((?:\s|^)[Rr])esell(?:\s|$)	\1esel
((?:\s|^)[Rr])esemblance(?:\s|$)	\1esemblence
((?:\s|^)[Rr])eservoir(?:\s|$)	\1esevoir
((?:\s|^)[Rr])esilient(?:\s|$)	\1esiliant
((?:\s|^)[Rr])esistant(?:\s|$)	\1esistent
((?:\s|^)[Rr])esplendent(?:\s|$)	\1esplendid
((?:\s|^)[Rr])esponsibility(?:\s|$)	\1esponsability
((?:\s|^)[Rr])esponsible(?:\s|$)	\1esponsable
((?:\s|^)[Rr])etarded(?:\s|$)	\1etarted
(?:\s|^)avenged(?:\s|$)	revenged
((?:\s|^)[Rr])hetorician(?:\s|$)	\1hetoritician
((?:\s|^)[Rr])hinoceros(?:\s|$)	\1hinocerus
((?:\s|^)[Rr])ijsttafel(?:\s|$)	\1ijstaffel
((?:\s|^)[Rr])isible(?:\s|$)	\1isable
((?:\s|^)[Rr])isk-averse(?:\s|$)	\1isk-adverse
((?:\s|^)[Rr])iddle(?:\s|$)	\1ittle
((?:\s|^)[Rr])ollaboard(?:\s|$)	\1ollerboard
((?:\s|^)[Rr])omaji(?:\s|$)	\1omanji
(?:\s|^)wrong(?:\s|$)	rong
((?:\s|^)[Rr])oommate(?:\s|$)	\1oomate
((?:\s|^)[Rr])oot(?:\s|$)	\1oute
((?:\s|^)[Ss])acrilegious(?:\s|$)	\1acreligious
((?:\s|^)[Ss])alvo(?:\s|$)	\1alvoes
((?:\s|^)[Ss])imoleon(?:\s|$)	\1amoleon
((?:\s|^)[Ss])almonella(?:\s|$)	\1amonella
((?:\s|^)[Ss])older(?:\s|$)	\1auder
((?:\s|^)[Ss])older(?:\s|$)	\1auter
((?:\s|^)[Ss])aveloy(?:\s|$)	\1avaloy
((?:\s|^)[Ss])aveloys(?:\s|$)	\1avaloys
((?:\s|^)[Ss])capulocoracoid(?:\s|$)	\1capulacoracoid
((?:\s|^)[Ss])coff(?:\s|$)	\1cough
(?:\s|^)escritoire(?:\s|$)	scrutoire
((?:\s|^)[Ss])easonality(?:\s|$)	\1easonability
((?:\s|^)[Ss])ecede(?:\s|$)	\1eceed
((?:\s|^)[Ss])ought(?:\s|$)	\1eeked
((?:\s|^)[Ss])egment(?:\s|$)	\1egement
((?:\s|^)[Ss])egmented(?:\s|$)	\1egemented
((?:\s|^)[Ss])egments(?:\s|$)	\1egements
((?:\s|^)[Ss])egue(?:\s|$)	\1egueway
((?:\s|^)[Ss])egueing(?:\s|$)	\1eguing
((?:\s|^)[Ss])egue(?:\s|$)	\1egway
((?:\s|^)[Ss])iege(?:\s|$)	\1eige
((?:\s|^)[Ss])ieges(?:\s|$)	\1eiges
((?:\s|^)[Ss])imoleon(?:\s|$)	\1emoleon
((?:\s|^)[Ss])ense(?:\s|$)	\1ence
((?:\s|^)[Ss])ensible(?:\s|$)	\1ensable
((?:\s|^)[Ss])eparate(?:\s|$)	\1eperate
((?:\s|^)[Ss])eparately(?:\s|$)	\1eperately
((?:\s|^)[Ss])eparation(?:\s|$)	\1eperation
((?:\s|^)[Ss])epulchral(?:\s|$)	\1epulcheral
((?:\s|^)[Ss])equel(?:\s|$)	\1equal
((?:\s|^)[Ss])errated(?:\s|$)	\1erated
((?:\s|^)[Ss])erotonergic(?:\s|$)	\1eretonergic
((?:\s|^)[Ss])eriatim(?:\s|$)	\1eriatum
((?:\s|^)[Ss])eriously(?:\s|$)	\1eriousley
((?:\s|^)[Ss])erviceable(?:\s|$)	\1ervicable
((?:\s|^)[Ss])ewage(?:\s|$)	\1ewerage
((?:\s|^)[Ss])exagenarian(?:\s|$)	\1extagenarian
((?:\s|^)[Ss])exier(?:\s|$)	\1exyer
((?:\s|^)[Ss])heer(?:\s|$)	\1hear
((?:\s|^)[Ss])hield(?:\s|$)	\1heild
((?:\s|^)[Ss])hillelagh(?:\s|$)	\1helele
((?:\s|^)[Ss])hepherd(?:\s|$)	\1hepard
((?:\s|^)[Ss])heisty(?:\s|$)	\1hiesty
(?:\s|^)citizen(?:\s|$)	shitizen
((?:\s|^)[Ss])hoo-in(?:\s|$)	\1hoe-in
((?:\s|^)[Ss])ugar(?:\s|$)	\1hooger
((?:\s|^)[Ss])howiness(?:\s|$)	\1howyness
((?:\s|^)[Ss])ide-effect(?:\s|$)	\1ide-affect
((?:\s|^)[Ss])eize(?:\s|$)	\1ieze
((?:\s|^)[Ss])eized(?:\s|$)	\1iezed
((?:\s|^)[Ss])eizes(?:\s|$)	\1iezes
((?:\s|^)[Ss])eizing(?:\s|$)	\1iezing
((?:\s|^)[Ss])ilylated(?:\s|$)	\1ilyated
((?:\s|^)[Ss])ilylation(?:\s|$)	\1ilyation
((?:\s|^)[Ss])imilar(?:\s|$)	\1imiliar
((?:\s|^)[Ss])ymplectic(?:\s|$)	\1implectic
((?:\s|^)[Ss])timulative(?:\s|$)	\1imulative
((?:\s|^)[Ss])ister-in-law(?:\s|$)	\1ister-in-laws
((?:\s|^)[Ss])ide-effect(?:\s|$)	\1ite-effect
(?:\s|^)citing(?:\s|$)	siting
((?:\s|^)[Ss])itting(?:\s|$)	\1iting
((?:\s|^)[Ss])kedaddle(?:\s|$)	\1kadaddle
((?:\s|^)[Ss])kittish(?:\s|$)	\1kiddish
((?:\s|^)[Ss])ki(?:\s|$)	\1kiis
((?:\s|^)[Ss])chool(?:\s|$)	\1kool
((?:\s|^)[Ss])lightly(?:\s|$)	\1lightley
((?:\s|^)[Ss])limy(?:\s|$)	\1limey
((?:\s|^)[Ss])lowly(?:\s|$)	\1lowley
((?:\s|^)[Ss])ophomore(?:\s|$)	\1oftmore
((?:\s|^)[Ss])olanaceous(?:\s|$)	\1olenaceous
((?:\s|^)[Ss])odomite(?:\s|$)	\1omdomite
((?:\s|^)[Ss])orcerer(?:\s|$)	\1orceror
((?:\s|^)[Ss])pamvertise(?:\s|$)	\1pamvertize
((?:\s|^)[Ss])pasm(?:\s|$)	\1pazm
((?:\s|^)[Ss])pecificity(?:\s|$)	\1pecifity
((?:\s|^)[Ss])pectral(?:\s|$)	\1pecteral
((?:\s|^)[Ss])plendorous(?:\s|$)	\1plendourous
((?:\s|^)[Ss])poke(?:\s|$)	\1poak
((?:\s|^)[Ss])pontaneous(?:\s|$)	\1pontanous
((?:\s|^)[Ss])prained(?:\s|$)	\1praint
((?:\s|^)[Ss])plurge(?:\s|$)	\1purlge
((?:\s|^)[Ss])kew-whiff(?:\s|$)	\1quewiff
((?:\s|^)[Ss])quishiness(?:\s|$)	\1quishyness
((?:\s|^)[Ss])tarboard(?:\s|$)	\1tarbird
((?:\s|^)[Ss])tatutory(?:\s|$)	\1tatchitory
((?:\s|^)[Ss])tationery(?:\s|$)	\1tationary
((?:\s|^)[Ss])tationary(?:\s|$)	\1tationery
((?:\s|^)[Ss])teadily(?:\s|$)	\1tedily
((?:\s|^)[Ss])teady(?:\s|$)	\1tedy
((?:\s|^)[Ss])tent(?:\s|$)	\1tint
((?:\s|^)[Ss])toically(?:\s|$)	\1toicly
((?:\s|^)[Ss])tomach(?:\s|$)	\1tomache
((?:\s|^)[Ss])tomachache(?:\s|$)	\1tomache
((?:\s|^)[Ss])traitjacket(?:\s|$)	\1traight-jacket
((?:\s|^)[Ss])traitjacket(?:\s|$)	\1traightjacket
((?:\s|^)[Ss])traighten(?:\s|$)	\1traiten
((?:\s|^)[Ss])trapped(?:\s|$)	\1traped
((?:\s|^)[Ss])trapping(?:\s|$)	\1traping
((?:\s|^)[Ss])tratagem(?:\s|$)	\1trategem
((?:\s|^)[Ss])tretch(?:\s|$)	\1trech
((?:\s|^)[Ss])traighten(?:\s|$)	\1treighten
((?:\s|^)[Ss])traiten(?:\s|$)	\1treighten
((?:\s|^)[Ss])tutter(?:\s|$)	\1tudder
((?:\s|^)[Ss])ubordinacy(?:\s|$)	\1ubordinancy
((?:\s|^)[Ss])ubperiosteal(?:\s|$)	\1ubperiostial
((?:\s|^)[Ss])ubtractive(?:\s|$)	\1ubstractive
((?:\s|^)[Ss])uccinct(?:\s|$)	\1uccint
((?:\s|^)[Ss])udden(?:\s|$)	\1uddent
((?:\s|^)[Ss])uddenly(?:\s|$)	\1uddently
((?:\s|^)[Ss])ulfur(?:\s|$)	\1ulfer
((?:\s|^)[Ss])upersede(?:\s|$)	\1upercede
((?:\s|^)[Ss])uperseded(?:\s|$)	\1uperceded
((?:\s|^)[Ss])upersedes(?:\s|$)	\1upercedes
((?:\s|^)[Ss])uperseding(?:\s|$)	\1uperceding
((?:\s|^)[Ss])upersede(?:\s|$)	\1uperceed
((?:\s|^)[Ss])uperintendent(?:\s|$)	\1uperintendant
((?:\s|^)[Ss])upersede(?:\s|$)	\1uperseed
((?:\s|^)[Ss])upratemporal(?:\s|$)	\1upretemporal
((?:\s|^)[Ss])urprise(?:\s|$)	\1uprise
((?:\s|^)[Ss])urprised(?:\s|$)	\1uprised
((?:\s|^)[Ss])urprisingly(?:\s|$)	\1uprisingly
((?:\s|^)[Ss])ubscribe(?:\s|$)	\1uscribe
((?:\s|^)[Ss])usurration(?:\s|$)	\1ussuration
((?:\s|^)[Ss])usurrations(?:\s|$)	\1ussurations
((?:\s|^)[Ss])ike(?:\s|$)	\1yke
(?:\s|^)psych(?:\s|$)	syke
((?:\s|^)[Ss])impatico(?:\s|$)	\1ympatico
((?:\s|^)[Ss])ynanthropic(?:\s|$)	\1ynantropic
((?:\s|^)[Ss])ynchronise(?:\s|$)	\1yncronise
(?:\s|^)'([Tt])is(?:\s|$)	\1'is
(?:\s|^)'([Tt])was(?:\s|$)	\1'was
((?:\s|^)[Tt])obacco(?:\s|$)	\1abacco
((?:\s|^)[Tt])obaccos(?:\s|$)	\1abaccos
((?:\s|^)[Tt])achymeter(?:\s|$)	\1achymetre
((?:\s|^)[Tt])ambourine(?:\s|$)	\1amborine
((?:\s|^)[Tt])angentially(?:\s|$)	\1angientially
((?:\s|^)[Tt])argeted(?:\s|$)	\1argetted
((?:\s|^)[Tt])argeting(?:\s|$)	\1argetting
((?:\s|^)[Tt])rap(?:\s|$)	\1arp
((?:\s|^)[Tt])ache(?:\s|$)	\1ash
((?:\s|^)[Tt])asseled(?:\s|$)	\1assled
((?:\s|^)[Tt])attling(?:\s|$)	\1attletaling
((?:\s|^)[Tt])eem(?:\s|$)	\1eam
((?:\s|^)[Tt])he(?:\s|$)	\1eh
((?:\s|^)[Tt])elephone(?:\s|$)	\1elefone
((?:\s|^)[Tt])elopeptide(?:\s|$)	\1eleopeptide
((?:\s|^)[Tt])emperament(?:\s|$)	\1emperment
((?:\s|^)[Tt])emporary(?:\s|$)	\1empory
((?:\s|^)[Tt])endencies(?:\s|$)	\1endancies
((?:\s|^)[Tt])endency(?:\s|$)	\1endancy
((?:\s|^)[Tt])endentious(?:\s|$)	\1endencious
((?:\s|^)[Tt])enuinucellate(?:\s|$)	\1eninucellate
((?:\s|^)[Tt])enuous(?:\s|$)	\1enous
((?:\s|^)[Tt])erawatts(?:\s|$)	\1errawatts
((?:\s|^)[Tt])errestrial(?:\s|$)	\1errestial
((?:\s|^)[Tt])erribly(?:\s|$)	\1erribley
((?:\s|^)[Tt])estes(?:\s|$)	\1esties
((?:\s|^)[Tt])hanatophobia(?:\s|$)	\1hantophobia
((?:\s|^)[Tt])heatrical(?:\s|$)	\1heaterical
((?:\s|^)[Tt])hief(?:\s|$)	\1heif
((?:\s|^)[Tt])hemselves(?:\s|$)	\1hemselfs
((?:\s|^)[Tt])eratoma(?:\s|$)	\1heratoma
((?:\s|^)[Tt])hesaurus(?:\s|$)	\1hesaurusi
((?:\s|^)[Tt])heir(?:\s|$)	\1hier
((?:\s|^)[Tt])horough(?:\s|$)	\1hourogh
((?:\s|^)[Tt])horough(?:\s|$)	\1hourough
((?:\s|^)[Tt])hreshold(?:\s|$)	\1hreshhold
((?:\s|^)[Tt])hresholds(?:\s|$)	\1hreshholds
((?:\s|^)[Tt])hriftiness(?:\s|$)	\1hriftyness
((?:\s|^)[Tt])horoughfare(?:\s|$)	\1hroughfare
((?:\s|^)[Tt])hroe(?:\s|$)	\1hrow
((?:\s|^)[Tt])ightly(?:\s|$)	\1ightley
((?:\s|^)[Tt])ilde(?:\s|$)	\1ilda
((?:\s|^)[Tt])innitus(?:\s|$)	\1innitis
((?:\s|^)[Tt])oo(?:\s|$)	\1o
((?:\s|^)[Tt])omatoes(?:\s|$)	\1omatos
((?:\s|^)[Tt])oponymist(?:\s|$)	\1oponomist
((?:\s|^)[Tt])oroid(?:\s|$)	\1orroid
((?:\s|^)[Tt])orsos(?:\s|$)	\1orsoes
((?:\s|^)[Tt])otally(?:\s|$)	\1otalley
((?:\s|^)[Tt])ongue(?:\s|$)	\1ounge
((?:\s|^)[Tt])oxicology(?:\s|$)	\1oxilogy
((?:\s|^)[Tt])oxicology(?:\s|$)	\1oxology
((?:\s|^)[Tt])ypo(?:\s|$)	\1pyo
((?:\s|^)[Tt])raceable(?:\s|$)	\1racable
((?:\s|^)[Tt])ransfected(?:\s|$)	\1ranfected
((?:\s|^)[Tt])ranscriptionally(?:\s|$)	\1ranscriptionnally
((?:\s|^)[Tt])ransferred(?:\s|$)	\1ransfered
((?:\s|^)[Tt])ransmissible(?:\s|$)	\1ransmissable
((?:\s|^)[Tt])ransubstantiation(?:\s|$)	\1ranssubstantiation
((?:\s|^)[Tt])rek(?:\s|$)	\1reck
((?:\s|^)[Tt])rellis(?:\s|$)	\1relice
((?:\s|^)[Tt])riskaidekaphobia(?:\s|$)	\1ricadecaphobia
((?:\s|^)[Tt])riptych(?:\s|$)	\1ryptich
((?:\s|^)[Tt])ryptophan(?:\s|$)	\1rytophan
((?:\s|^)[Tt])urmeric(?:\s|$)	\1umeric
((?:\s|^)[Tt])umultuous(?:\s|$)	\1umultuos
(?:\s|^)'([Tt])was(?:\s|$)	\1was
((?:\s|^)[Tt])weak(?:\s|$)	\1week
((?:\s|^)[Tt])weaker(?:\s|$)	\1weeker
((?:\s|^)[Tt])welfth(?:\s|$)	\1welth
((?:\s|^)[Uu])bique(?:\s|$)	\1biquetous
((?:\s|^)[Uu])biquitous(?:\s|$)	\1biquitious
((?:\s|^)[Uu])mbrage(?:\s|$)	\1mbridge
((?:\s|^)[Uu])ncertainty(?:\s|$)	\1ncertainity
(?:\s|^)incorruptible(?:\s|$)	uncorruptable
(?:\s|^)incorruptible(?:\s|$)	uncorruptible
((?:\s|^)[Uu])nderlay(?:\s|$)	\1nderlied
((?:\s|^)[Uu])nderlain(?:\s|$)	\1nderlied
((?:\s|^)[Uu])nderwear(?:\s|$)	\1nderware
(?:\s|^)indisputable(?:\s|$)	undisputable
((?:\s|^)[Uu])ndue(?:\s|$)	\1ndo
((?:\s|^)[Uu])nforgivable(?:\s|$)	\1nforgiveable
((?:\s|^)[Uu])nforeseen(?:\s|$)	\1nforseen
((?:\s|^)[Uu])nidirectional(?:\s|$)	\1ni-directional
((?:\s|^)[Uu])nobtrusive(?:\s|$)	\1nobstrusive
((?:\s|^)[Uu])nfazed(?:\s|$)	\1nphased
((?:\s|^)[Uu])npronounceable(?:\s|$)	\1npronouncable
((?:\s|^)[Uu])ntraceable(?:\s|$)	\1ntracable
((?:\s|^)[Uu])pcoming(?:\s|$)	\1pcomming
((?:\s|^)[Uu])tmost(?:\s|$)	\1pmost
((?:\s|^)[Uu])sage(?:\s|$)	\1seage
((?:\s|^)[Uu])seage(?:\s|$)	\1seages
((?:\s|^)[Uu])seful(?:\s|$)	\1sefull
((?:\s|^)[Vv])icinity(?:\s|$)	\1acinity
((?:\s|^)[Vv])acuum(?:\s|$)	\1acume
((?:\s|^)[Vv])andalize(?:\s|$)	\1andal
((?:\s|^)[Vv])andalizes(?:\s|$)	\1andals
((?:\s|^)[Vv])aporise(?:\s|$)	\1apourise
((?:\s|^)[Vv])ariant(?:\s|$)	\1arient
((?:\s|^)[Vv])asculitis(?:\s|$)	\1asulitis
((?:\s|^)[Vv])erbiage(?:\s|$)	\1erbage
((?:\s|^)[Vv])ictrola(?:\s|$)	\1ictrolla
((?:\s|^)[Vv])ideos(?:\s|$)	\1ideoes
((?:\s|^)[Vv])illainy(?:\s|$)	\1illany
((?:\s|^)[Vv])illain(?:\s|$)	\1illian
((?:\s|^)[Vv])ilified(?:\s|$)	\1illified
((?:\s|^)[Vv])ilify(?:\s|$)	\1illify
((?:\s|^)[Vv])iral(?:\s|$)	\1irial
((?:\s|^)[Vv])irion(?:\s|$)	\1iron
((?:\s|^)[Vv])olatile(?:\s|$)	\1olitile
((?:\s|^)[Vv])ulnerable(?:\s|$)	\1unerable
((?:\s|^)[Ww])ane(?:\s|$)	\1ain
((?:\s|^)[Ww])aver(?:\s|$)	\1aiver
((?:\s|^)[Ww])avered(?:\s|$)	\1aivered
((?:\s|^)[Ww])ant(?:\s|$)	\1an't
((?:\s|^)[Ww])on't(?:\s|$)	\1an't
((?:\s|^)[Ww])armonger(?:\s|$)	\1ar-monger
((?:\s|^)[Ww])armonger(?:\s|$)	\1armongerer
(?:\s|^)dishwasher(?:\s|$)	washdisher
((?:\s|^)[Ww])asn't(?:\s|$)	\1asint
((?:\s|^)[Ww])easel(?:\s|$)	\1easal
((?:\s|^)[Ww])heedle(?:\s|$)	\1eedle
((?:\s|^)[Ww])ean(?:\s|$)	\1een
((?:\s|^)[Ww])eight(?:\s|$)	\1eighth
((?:\s|^)[Ww])iener(?:\s|$)	\1einer
((?:\s|^)[Ww])het(?:\s|$)	\1et
((?:\s|^)[Ww])herewithal(?:\s|$)	\1herewithall
(?:\s|^)holism(?:\s|$)	wholism
((?:\s|^)[Ww])hitlow(?:\s|$)	\1icklow
((?:\s|^)[Ww])eird(?:\s|$)	\1ierd
((?:\s|^)[Ww])eirdly(?:\s|$)	\1ierdly
((?:\s|^)[Ww])himper(?:\s|$)	\1imper
((?:\s|^)[Ww])ithdrawal(?:\s|$)	\1ithdrawl
((?:\s|^)[Ww])hittle(?:\s|$)	\1ittle
((?:\s|^)[Ww])hoa(?:\s|$)	\1oah
((?:\s|^)[Ww])olves(?:\s|$)	\1olfs
((?:\s|^)[Ww])hoops(?:\s|$)	\1oops
((?:\s|^)[Ww])orkaholic(?:\s|$)	\1orkoholic
((?:\s|^)[Ww])orkaholics(?:\s|$)	\1orkoholics
((?:\s|^)[Ww])angle(?:\s|$)	\1rangle
(?:\s|^)rapt(?:\s|$)	wrapped
(?:\s|^)rapt(?:\s|$)	wrapt
((?:\s|^)[Ww])rapped(?:\s|$)	\1rapt
(?:\s|^)reckless(?:\s|$)	wreckless
((?:\s|^)[Ww])rite(?:\s|$)	\1right
((?:\s|^)[Xx])antusiid(?:\s|$)	\1antusid
((?:\s|^)[Yy])acht(?:\s|$)	\1atch
((?:\s|^)[Yy])ay(?:\s|$)	\1ea
((?:\s|^)[Yy])ield(?:\s|$)	\1eild
((?:\s|^)[Yy])ellow(?:\s|$)	\1elow
((?:\s|^)[Yy])olk(?:\s|$)	\1oke
((?:\s|^)[Zz])ebra(?:\s|$)	\1eebra
((?:\s|^)[Zz])ettabyte(?:\s|$)	\1etabyte
((?:\s|^)[Zz])iphiid(?:\s|$)	\1iphid
(?:\s|^)xylonite(?:\s|$)	zylonite