(\W|^)Alsation(\W|$)	Alsatian
(\W|^)Amercia(\W|$)	America
(\W|^)Archea(\W|$)	Archaea
(\W|^)Asberger's(\W|$)	Asperger's
(\W|^)Austrailia(\W|$)	Australia
(\W|^)BluRay(\W|$)	Blu-ray
(\W|^)Brahmenism(\W|$)	Brahmanism
(\W|^)Canadia(\W|$)	Canada
(\W|^)Carribean(\W|$)	Caribbean
(\W|^)Columbian(\W|$)	Colombian
(\W|^)Croation(\W|$)	Croatian
(\W|^)Dalmation(\W|$)	Dalmatian
(\W|^)Esparanto(\W|$)	Esperanto
(\W|^)Floradora(\W|$)	Florodora
(\W|^)G1(\W|$)	Gliese
(\W|^)GI(\W|$)	Gliese
(\W|^)GL(\W|$)	Gliese
(\W|^)Ghandi(\W|$)	Gandhi
(\W|^)Grauniad(\W|$)	Guardian
(\W|^)Hatshetsup(\W|$)	Hatshepsut
(\W|^)Immelman(\W|$)	Immelmann
(\W|^)Isreali(\W|$)	Israeli
(\W|^)Kurdestan(\W|$)	Kurdistan
(\W|^)MDVP(\W|$)	MDPV
(\W|^)Madalene(\W|$)	Magdalene
(\W|^)Marscapone(\W|$)	mascarpone
(\W|^)Mediawiki(\W|$)	MediaWiki
(\W|^)Ottowan(\W|$)	Ottawan
(\W|^)Paree(\W|$)	Paris
(\W|^)Phillipines(\W|$)	Philippines
(\W|^)Playstation(\W|$)	PlayStation
(\W|^)Plexiglass(\W|$)	Plexiglas
(\W|^)Polyanna(\W|$)	Pollyanna
(\W|^)Portugese(\W|$)	Portuguese
(\W|^)Portugual(\W|$)	Portugal
(\W|^)Psilophyta(\W|$)	Psilotophyta
(\W|^)Pyhrric(\W|$)	Pyrrhic
(\W|^)Qu'ran(\W|$)	Qur'an
(\W|^)Quantas(\W|$)	Qantas
(\W|^)Revelations(\W|$)	Revelation
(\W|^)Subdovian(\W|$)	Sudovian
(\W|^)Superbowel(\W|$)	Superbowl
(\W|^)Switserland(\W|$)	Switzerland
(\W|^)Tallin(\W|$)	Tallinn
(\W|^)Teeside(\W|$)	Teesside
(\W|^)Tellytubby(\W|$)	Teletubby
(\W|^)Tolkein(\W|$)	Tolkien
(\W|^)UTF8(\W|$)	UTF-8
(\W|^)Ukranian(\W|$)	Ukrainian
(\W|^)Wookie(\W|$)	Wookiee
(\W|^)X-box(\W|$)	Xbox
(\W|^)X-boxes(\W|$)	Xboxes
(\W|^)XBox(\W|$)	Xbox
(\W|^)Xian(\W|$)	Sian
(\W|^)Yementite(\W|$)	Yemenite
(\W|^)abacot(\W|$)	bycoket
((?:\W|^)[Aa])bbreuvoir(\W|$)	$1breuvoir$2
((?:\W|^)[Aa])bhored(\W|$)	$1bhorred$2
((?:\W|^)[Aa])bhoring(\W|$)	$1bhorring$2
((?:\W|^)[Aa])bitrary(\W|$)	$1rbitrary$2
(\W|^)abnoxious(\W|$)	obnoxious
((?:\W|^)[Aa])boricultural(\W|$)	$1rboricultural$2
((?:\W|^)[Aa])boriculturist(\W|$)	$1rboriculturist$2
((?:\W|^)[Aa])boriculturists(\W|$)	$1rboriculturist$2
((?:\W|^)[Aa])boriginie(\W|$)	$1borigine$2
((?:\W|^)[Aa])bortation(\W|$)	$1bortion$2
((?:\W|^)[Aa])bration(\W|$)	$1brasion$2
((?:\W|^)[Aa])bsail(\W|$)	$1bseil$2
((?:\W|^)[Aa])bsailing(\W|$)	$1bseiling$2
((?:\W|^)[Aa])bsteinous(\W|$)	$1bstentious$2
((?:\W|^)[Aa])bstenance(\W|$)	$1bstention$2
((?:\W|^)[Aa])bstenious(\W|$)	$1bstentious$2
((?:\W|^)[Aa])ccessability(\W|$)	$1ccessibility$2
((?:\W|^)[Aa])ccessable(\W|$)	$1ccessible$2
(\W|^)accessive(\W|$)	excessive
(\W|^)accessively(\W|$)	excessively
((?:\W|^)[Aa])cclamate(\W|$)	$1cclimate$2
((?:\W|^)[Aa])ccomodate(\W|$)	$1ccommodate$2
((?:\W|^)[Aa])ccomodating(\W|$)	$1ccommodating$2
((?:\W|^)[Aa])ccomodation(\W|$)	$1ccommodation$2
((?:\W|^)[Aa])ccomodator(\W|$)	$1ccommodator$2
((?:\W|^)[Aa])ccordian(\W|$)	$1ccordion$2
((?:\W|^)[Aa])cetominophen(\W|$)	$1cetaminophen$2
((?:\W|^)[Aa])cknowelege(\W|$)	$1cknowledge$2
((?:\W|^)[Aa])count(\W|$)	$1ccount$2
((?:\W|^)[Aa])cousticly(\W|$)	$1coustically$2
((?:\W|^)[Aa])crue(\W|$)	$1ccrue$2
((?:\W|^)[Aa])dament(\W|$)	$1damant$2
((?:\W|^)[Aa])damently(\W|$)	$1damantly$2
((?:\W|^)[Aa])dducable(\W|$)	$1dduceable$2
((?:\W|^)[Aa])dhesine(\W|$)	$1dhesin$2
((?:\W|^)[Aa])dministeration(\W|$)	$1dministration$2
((?:\W|^)[Aa])dolase(\W|$)	$1ldolase$2
((?:\W|^)[Aa])dryamicin(\W|$)	$1driamycin$2
((?:\W|^)[Aa])dultry(\W|$)	$1dultery$2
((?:\W|^)[Aa])dvancable(\W|$)	$1dvanceable$2
((?:\W|^)[Aa])erobreaking(\W|$)	$1erobraking$2
((?:\W|^)[Aa])ffadavit(\W|$)	$1ffidavit$2
((?:\W|^)[Aa])ffadavits(\W|$)	$1ffidavits$2
((?:\W|^)[Aa])ffectionado(\W|$)	$1ficionado$2
((?:\W|^)[Aa])fformation(\W|$)	$1ffirmation$2
((?:\W|^)[Aa])formentioned(\W|$)	$1forementioned$2
((?:\W|^)[Aa])gress(\W|$)	$1ggress$2
((?:\W|^)[Aa])int(\W|$)	$1in't$2
((?:\W|^)[Aa])jarred(\W|$)	$1jar$2
((?:\W|^)[Aa])lbiet(\W|$)	$1lbeit$2
((?:\W|^)[Aa])leviate(\W|$)	$1lleviate$2
((?:\W|^)[Aa])llemand(\W|$)	$1llemande$2
((?:\W|^)[Aa])lligation(\W|$)	$1llegation$2
((?:\W|^)[Aa])llinase(\W|$)	$1lliinase$2
((?:\W|^)[Aa])llochtonous(\W|$)	$1llochthonous$2
((?:\W|^)[Aa])llotroph(\W|$)	$1llotrope$2
((?:\W|^)[Aa])llrighty(\W|$)	$1lrighty$2
((?:\W|^)[Aa])llways(\W|$)	$1lways$2
((?:\W|^)[Aa])lterred(\W|$)	$1ltered$2
((?:\W|^)[Aa])lterring(\W|$)	$1ltering$2
((?:\W|^)[Aa])matuer(\W|$)	$1mateur$2
((?:\W|^)[Aa])mature(\W|$)	$1mateur$2
((?:\W|^)[Aa])mbidexterous(\W|$)	$1mbidextrous$2
((?:\W|^)[Aa])mphilic(\W|$)	$1mphiphilic$2
((?:\W|^)[Aa])mpitheater(\W|$)	$1mphitheater$2
((?:\W|^)[Aa])mpitheaters(\W|$)	$1mphitheaters$2
((?:\W|^)[Aa])mpitheatre(\W|$)	$1mphitheatre$2
((?:\W|^)[Aa])mpitheatres(\W|$)	$1mphitheatres$2
((?:\W|^)[Aa])mygdale(\W|$)	$1mygdala$2
((?:\W|^)[Aa])nalagous(\W|$)	$1nalogous$2
((?:\W|^)[Aa])nalize(\W|$)	$1nalyze$2
((?:\W|^)[Aa])nalysises(\W|$)	$1nalyses$2
((?:\W|^)[Aa])ncilliary(\W|$)	$1ncillary$2
((?:\W|^)[Aa])ndrogenous(\W|$)	$1ndrogynous$2
((?:\W|^)[Aa])nesthesize(\W|$)	$1nesthetize$2
((?:\W|^)[Aa])nesthesized(\W|$)	$1nesthetized$2
((?:\W|^)[Aa])nglecized(\W|$)	$1nglicized$2
((?:\W|^)[Aa])nkryin(\W|$)	$1nkyrin$2
((?:\W|^)[Aa])nniseed(\W|$)	$1niseed$2
((?:\W|^)[Aa])nniseeds(\W|$)	$1niseeds$2
((?:\W|^)[Aa])nnotater(\W|$)	$1nnotator$2
((?:\W|^)[Aa])nnouncable(\W|$)	$1nnounceable$2
((?:\W|^)[Aa])nomoly(\W|$)	$1nomaly$2
((?:\W|^)[Aa])nosagnosia(\W|$)	$1nosognosia$2
((?:\W|^)[Aa])nthacyclin(\W|$)	$1nthracycline$2
((?:\W|^)[Aa])nthropod(\W|$)	$1rthropod$2
((?:\W|^)[Aa])nthroponomy(\W|$)	$1nthroponymy$2
((?:\W|^)[Aa])ntiapoptic(\W|$)	$1ntiapoptotic$2
((?:\W|^)[Aa])nticlimatic(\W|$)	$1nticlimactic$2
((?:\W|^)[Aa])ntimonies(\W|$)	$1ntinomies$2
((?:\W|^)[Aa])ntisceptic(\W|$)	$1ntiseptic$2
((?:\W|^)[Aa])nxt(\W|$)	$1ngst$2
((?:\W|^)[Aa])pocolypse(\W|$)	$1pocalypse$2
((?:\W|^)[Aa])popotosis(\W|$)	$1poptosis$2
((?:\W|^)[Aa])poptopic(\W|$)	$1poptotic$2
((?:\W|^)[Aa])ppaled(\W|$)	$1ppalled$2
((?:\W|^)[Aa])ppaling(\W|$)	$1ppalling$2
((?:\W|^)[Aa])ppendeces(\W|$)	$1ppendices$2
((?:\W|^)[Aa])ppilation(\W|$)	$1ppellation$2
((?:\W|^)[Aa])preciate(\W|$)	$1ppreciate$2
((?:\W|^)[Aa])propo(\W|$)	$1propos$2
((?:\W|^)[Aa])ptotic(\W|$)	$1poptotic$2
((?:\W|^)[Aa])qcuire(\W|$)	$1cquire$2
((?:\W|^)[Aa])quaduct(\W|$)	$1queduct$2
((?:\W|^)[Aa])quaintance(\W|$)	$1cquaintance$2
((?:\W|^)[Aa])quiesce(\W|$)	$1cquiesce$2
((?:\W|^)[Aa])quire(\W|$)	$1cquire$2
((?:\W|^)[Aa])quit(\W|$)	$1cquit$2
((?:\W|^)[Aa])quitted(\W|$)	$1cquitted$2
((?:\W|^)[Aa])rachnephobia(\W|$)	$1rachnophobia$2
((?:\W|^)[Aa])rchitype(\W|$)	$1rchetype$2
((?:\W|^)[Aa])rginene(\W|$)	$1rginine$2
((?:\W|^)[Aa])riel(\W|$)	$1erial$2
((?:\W|^)[Aa])rithmatic(\W|$)	$1rithmetic$2
((?:\W|^)[Aa])rithmatically(\W|$)	$1rithmetically$2
((?:\W|^)[Aa])rrangment(\W|$)	$1rrangement$2
((?:\W|^)[Aa])rrangments(\W|$)	$1rrangement$2
((?:\W|^)[Aa])rrythmogenic(\W|$)	$1rrhythmogenic$2
((?:\W|^)[Aa])rtemesinin(\W|$)	$1rtemisinin$2
((?:\W|^)[Aa])rtherogenic(\W|$)	$1therogenic$2
((?:\W|^)[Aa])rtherosclerosis(\W|$)	$1therosclerosis$2
((?:\W|^)[Aa])rthoplasty(\W|$)	$1rthroplasty$2
((?:\W|^)[Aa])rtical(\W|$)	$1rticle$2
((?:\W|^)[Aa])rticals(\W|$)	$1rtical$2
((?:\W|^)[Aa])rtifical(\W|$)	$1rtificial$2
((?:\W|^)[Aa])scerbate(\W|$)	$1cerbate$2
((?:\W|^)[Aa])speragine(\W|$)	$1sparagine$2
((?:\W|^)[Aa])sprin(\W|$)	$1spirin$2
((?:\W|^)[Aa])ssesment(\W|$)	$1ssessment$2
((?:\W|^)[Aa])ssidious(\W|$)	$1ssiduous$2
((?:\W|^)[Aa])ssocionistic(\W|$)	$1ssociationistic$2
((?:\W|^)[Aa])sterix(\W|$)	$1sterisk$2
((?:\W|^)[Aa])symtope(\W|$)	$1symptote$2
((?:\W|^)[Aa])theosis(\W|$)	$1thetosis$2
((?:\W|^)[Aa])thiesm(\W|$)	$1theism$2
((?:\W|^)[Aa])thiest(\W|$)	$1theist$2
((?:\W|^)[Aa])thiests(\W|$)	$1theists$2
((?:\W|^)[Aa])ttonement(\W|$)	$1tonement$2
((?:\W|^)[Aa])ttonements(\W|$)	$1tonements$2
((?:\W|^)[Aa])ttourney(\W|$)	$1ttorney$2
((?:\W|^)[Aa])ustrealis(\W|$)	$1ustralis$2
((?:\W|^)[Aa])uthentification(\W|$)	$1uthentication$2
((?:\W|^)[Aa])uthourise(\W|$)	$1uthorise$2
((?:\W|^)[Aa])utomous(\W|$)	$1utonomous$2
((?:\W|^)[Aa])way(\W|$)	$1weigh$2
((?:\W|^)[Aa])weful(\W|$)	$1wful$2
((?:\W|^)[Aa])wsomest(\W|$)	$1wesomest$2
((?:\W|^)[Aa])xel(\W|$)	$1xle$2
((?:\W|^)[Aa])xises(\W|$)	$1xis$2
((?:\W|^)[Bb])ackround(\W|$)	$1ackground$2
((?:\W|^)[Bb])adest(\W|$)	$1addest$2
((?:\W|^)[Bb])adley(\W|$)	$1adly$2
((?:\W|^)[Bb])alancable(\W|$)	$1alanceable$2
((?:\W|^)[Bb])alistically(\W|$)	$1allistically$2
((?:\W|^)[Bb])alloonneer(\W|$)	$1allooner$2
((?:\W|^)[Bb])alloonneers(\W|$)	$1allooners$2
((?:\W|^)[Bb])ankrupcies(\W|$)	$1ankruptcy$2
((?:\W|^)[Bb])ankrupcy(\W|$)	$1ankruptcy$2
((?:\W|^)[Bb])arbituate(\W|$)	$1arbiturate$2
((?:\W|^)[Bb])arotrophy(\W|$)	$1arotropy$2
((?:\W|^)[Bb])arrista(\W|$)	$1arista$2
((?:\W|^)[Bb])arristas(\W|$)	$1aristas$2
((?:\W|^)[Bb])asicly(\W|$)	$1asically$2
((?:\W|^)[Bb])asterd(\W|$)	$1astard$2
((?:\W|^)[Bb])awble(\W|$)	$1auble$2
((?:\W|^)[Bb])azaar(\W|$)	$1izarre$2
((?:\W|^)[Bb])early(\W|$)	$1urly$2
((?:\W|^)[Bb])eastial(\W|$)	$1estial$2
((?:\W|^)[Bb])eastiality(\W|$)	$1estiality$2
((?:\W|^)[Bb])eautyful(\W|$)	$1eautiful$2
((?:\W|^)[Bb])ecuase(\W|$)	$1ecause$2
((?:\W|^)[Bb])efor(\W|$)	$1efore$2
((?:\W|^)[Bb])eleive(\W|$)	$1elieve$2
((?:\W|^)[Bb])eleived(\W|$)	$1elieved$2
((?:\W|^)[Bb])eleiver(\W|$)	$1eliever$2
((?:\W|^)[Bb])eleives(\W|$)	$1elieves$2
((?:\W|^)[Bb])eleiving(\W|$)	$1elieving$2
((?:\W|^)[Bb])ellweather(\W|$)	$1ellwether$2
((?:\W|^)[Bb])ellweathers(\W|$)	$1ellwethers$2
((?:\W|^)[Bb])enificial(\W|$)	$1eneficial$2
((?:\W|^)[Bb])enifit(\W|$)	$1enefit$2
((?:\W|^)[Bb])enze(\W|$)	$1ends$2
((?:\W|^)[Bb])erylium(\W|$)	$1eryllium$2
((?:\W|^)[Bb])ethroth(\W|$)	$1etroth$2
((?:\W|^)[Bb])ibiliography(\W|$)	$1ibliography$2
((?:\W|^)[Bb])icolourous(\W|$)	$1icolorous$2
((?:\W|^)[Bb])igboob(\W|$)	$1ig-boob$2
((?:\W|^)[Bb])ioavailibility(\W|$)	$1ioavailability$2
((?:\W|^)[Bb])ipartison(\W|$)	$1ipartisan$2
((?:\W|^)[Bb])irth(\W|$)	$1erth$2
((?:\W|^)[Bb])ivouack(\W|$)	$1ivouac$2
((?:\W|^)[Bb])izzare(\W|$)	$1izarre$2
((?:\W|^)[Bb])izzarely(\W|$)	$1izarrely$2
((?:\W|^)[Bb])lock(\W|$)	$1loc$2
((?:\W|^)[Bb])lockaid(\W|$)	$1lockade$2
((?:\W|^)[Bb])oggery(\W|$)	$1uggery$2
((?:\W|^)[Bb])olth(\W|$)	$1oth$2
((?:\W|^)[Bb])onsai(\W|$)	$1anzai$2
((?:\W|^)[Bb])ouncable(\W|$)	$1ounceable$2
((?:\W|^)[Bb])ouy(\W|$)	$1uoy$2
((?:\W|^)[Bb])ouyant(\W|$)	$1uoyant$2
((?:\W|^)[Bb])owdacious(\W|$)	$1odacious$2
((?:\W|^)[Bb])owlderised(\W|$)	$1owdlerised$2
((?:\W|^)[Bb])raggadoccio(\W|$)	$1raggadocio$2
((?:\W|^)[Bb])reastroke(\W|$)	$1reaststroke$2
((?:\W|^)[Bb])rightley(\W|$)	$1rightly$2
((?:\W|^)[Bb])uisness(\W|$)	$1usiness$2
((?:\W|^)[Bb])ulemia(\W|$)	$1ulimia$2
((?:\W|^)[Bb])ulemic(\W|$)	$1ulimic$2
((?:\W|^)[Bb])ycicle(\W|$)	$1icycle$2
((?:\W|^)[Cc])adance(\W|$)	$1adence$2
((?:\W|^)[Cc])adances(\W|$)	$1adences$2
((?:\W|^)[Cc])affiene(\W|$)	$1affeine$2
((?:\W|^)[Cc])ajones(\W|$)	$1ojones$2
((?:\W|^)[Cc])alcaneous(\W|$)	$1alcaneus$2
((?:\W|^)[Cc])alender(\W|$)	$1alendar$2
((?:\W|^)[Cc])alipygian(\W|$)	$1allipygian$2
((?:\W|^)[Cc])alumnate(\W|$)	$1alumniate$2
((?:\W|^)[Cc])ameloid(\W|$)	$1amelid$2
((?:\W|^)[Cc])anivorous(\W|$)	$1arnivorous$2
((?:\W|^)[Cc])annister(\W|$)	$1anister$2
((?:\W|^)[Cc])anoing(\W|$)	$1anoeing$2
((?:\W|^)[Cc])antalope(\W|$)	$1antaloupe$2
((?:\W|^)[Cc])aprichio(\W|$)	$1apriccio$2
((?:\W|^)[Cc])apstern(\W|$)	$1apstan$2
((?:\W|^)[Cc])arbamylation(\W|$)	$1arbamoylation$2
((?:\W|^)[Cc])arboxyfluoroscein(\W|$)	$1arboxyfluorescein$2
((?:\W|^)[Cc])arbunkle(\W|$)	$1arbuncle$2
((?:\W|^)[Cc])arnivourous(\W|$)	$1arnivorous$2
((?:\W|^)[Cc])arotted(\W|$)	$1arotid$2
((?:\W|^)[Cc])artilege(\W|$)	$1artilage$2
((?:\W|^)[Cc])artooney(\W|$)	$1artoony$2
((?:\W|^)[Cc])atagory(\W|$)	$1ategory$2
((?:\W|^)[Cc])athecholamine(\W|$)	$1atecholamine$2
((?:\W|^)[Cc])emetary(\W|$)	$1emetery$2
((?:\W|^)[Cc])enteral(\W|$)	$1entral$2
((?:\W|^)[Cc])enterally(\W|$)	$1entrally$2
((?:\W|^)[Cc])enteric(\W|$)	$1entric$2
((?:\W|^)[Cc])entrifical(\W|$)	$1entrifugal$2
((?:\W|^)[Cc])ephalagia(\W|$)	$1ephalalgia$2
((?:\W|^)[Cc])ertainity(\W|$)	$1ertainty$2
((?:\W|^)[Cc])hangable(\W|$)	$1hangeable$2
((?:\W|^)[Cc])harecter(\W|$)	$1haracter$2
((?:\W|^)[Cc])heesey(\W|$)	$1heesy$2
((?:\W|^)[Cc])hemiluminesence(\W|$)	$1hemiluminescence$2
((?:\W|^)[Cc])hemoluminiscent(\W|$)	$1hemiluminescent$2
((?:\W|^)[Cc])hessnut(\W|$)	$1hestnut$2
((?:\W|^)[Cc])hickenry(\W|$)	$1hicanery$2
((?:\W|^)[Cc])hlamydiasis(\W|$)	$1hlamydiosis$2
((?:\W|^)[Cc])hloropleth(\W|$)	$1horopleth$2
((?:\W|^)[Cc])hromatherapy(\W|$)	$1hromotherapy$2
((?:\W|^)[Cc])inametography(\W|$)	$1inematography$2
((?:\W|^)[Cc])inamon(\W|$)	$1innamon$2
((?:\W|^)[Cc])inamons(\W|$)	$1innamons$2
((?:\W|^)[Cc])ircumcize(\W|$)	$1ircumcise$2
((?:\W|^)[Cc])irurgical(\W|$)	$1hirurgical$2
((?:\W|^)[Cc])lairty(\W|$)	$1larity$2
((?:\W|^)[Cc])linitian(\W|$)	$1linician$2
((?:\W|^)[Cc])ognescenti(\W|$)	$1ognoscenti$2
((?:\W|^)[Cc])olecalciferol(\W|$)	$1holecalciferol$2
((?:\W|^)[Cc])olleages(\W|$)	$1olleagues$2
((?:\W|^)[Cc])ollegue(\W|$)	$1olleague$2
((?:\W|^)[Cc])ollelation(\W|$)	$1orrelation$2
((?:\W|^)[Cc])ollography(\W|$)	$1ollagraphy$2
((?:\W|^)[Cc])olma(\W|$)	$1oma$2
((?:\W|^)[Cc])omfterble(\W|$)	$1omfortable$2
((?:\W|^)[Cc])omftorble(\W|$)	$1omfortable$2
((?:\W|^)[Cc])omiserate(\W|$)	$1ommiserate$2
((?:\W|^)[Cc])omisserate(\W|$)	$1ommiserate$2
((?:\W|^)[Cc])ommited(\W|$)	$1ommitted$2
((?:\W|^)[Cc])ompatability(\W|$)	$1ompatibility$2
((?:\W|^)[Cc])ompatable(\W|$)	$1ompatible$2
((?:\W|^)[Cc])ompatriate(\W|$)	$1ompatriot$2
((?:\W|^)[Cc])ompetetive(\W|$)	$1ompetitive$2
((?:\W|^)[Cc])ompetetively(\W|$)	$1ompetitively$2
((?:\W|^)[Cc])ompiliation(\W|$)	$1ompilation$2
((?:\W|^)[Cc])ompliment(\W|$)	$1omplement$2
((?:\W|^)[Cc])ompromize(\W|$)	$1ompromise$2
((?:\W|^)[Cc])ompulsarily(\W|$)	$1ompulsorily$2
((?:\W|^)[Cc])omunication(\W|$)	$1ommunication$2
((?:\W|^)[Cc])onceed(\W|$)	$1oncede$2
((?:\W|^)[Cc])oncensus(\W|$)	$1onsensus$2
((?:\W|^)[Cc])oncientious(\W|$)	$1onscientious$2
((?:\W|^)[Cc])oncieve(\W|$)	$1onceive$2
((?:\W|^)[Cc])oncious(\W|$)	$1onscious$2
((?:\W|^)[Cc])oncize(\W|$)	$1oncise$2
((?:\W|^)[Cc])ondenscend(\W|$)	$1ondescend$2
((?:\W|^)[Cc])ondensor(\W|$)	$1ondenser$2
((?:\W|^)[Cc])ondesending(\W|$)	$1ondescending$2
((?:\W|^)[Cc])onfidente(\W|$)	$1onfidant$2
((?:\W|^)[Cc])onfuscate(\W|$)	$1onfiscate$2
((?:\W|^)[Cc])onrotary(\W|$)	$1onrotatory$2
((?:\W|^)[Cc])onscientous(\W|$)	$1onscientious$2
((?:\W|^)[Cc])onsequtive(\W|$)	$1onsecutive$2
((?:\W|^)[Cc])onserted(\W|$)	$1oncerted$2
((?:\W|^)[Cc])onsistant(\W|$)	$1onsistent$2
((?:\W|^)[Cc])onsommation(\W|$)	$1onsummation$2
((?:\W|^)[Cc])onspicious(\W|$)	$1onspicuous$2
((?:\W|^)[Cc])onspirancy(\W|$)	$1onspiracy$2
((?:\W|^)[Cc])onsumate(\W|$)	$1onsummate$2
((?:\W|^)[Cc])ontemplaters(\W|$)	$1ontemplators$2
((?:\W|^)[Cc])ontorsion(\W|$)	$1ontortion$2
((?:\W|^)[Cc])ontraversial(\W|$)	$1ontroversial$2
((?:\W|^)[Cc])ontributer(\W|$)	$1ontributor$2
((?:\W|^)[Cc])ontributers(\W|$)	$1ontributors$2
((?:\W|^)[Cc])ontroled(\W|$)	$1ontrolled$2
((?:\W|^)[Cc])onubial(\W|$)	$1onnubial$2
((?:\W|^)[Cc])onvertion(\W|$)	$1onversion$2
((?:\W|^)[Cc])onvertions(\W|$)	$1onversions$2
(\W|^)cooky(\W|$)	kooky
((?:\W|^)[Cc])ooky(\W|$)	$1ookie$2
((?:\W|^)[Cc])opesettic(\W|$)	$1opacetic$2
((?:\W|^)[Cc])opywrite(\W|$)	$1opyright$2
((?:\W|^)[Cc])opywritten(\W|$)	$1opyrighted$2
((?:\W|^)[Cc])oraciform(\W|$)	$1oraciiform$2
((?:\W|^)[Cc])orrolate(\W|$)	$1orrelate$2
((?:\W|^)[Cc])oulotte(\W|$)	$1ulotte$2
((?:\W|^)[Cc])ource(\W|$)	$1ourse$2
((?:\W|^)[Cc])ourt-marshal(\W|$)	$1ourt-martial$2
(\W|^)cowtow(\W|$)	kowtow
((?:\W|^)[Cc])redibley(\W|$)	$1redibly$2
((?:\W|^)[Cc])reedence(\W|$)	$1redence$2
((?:\W|^)[Cc])riterior(\W|$)	$1riterion$2
((?:\W|^)[Cc])rosssectional(\W|$)	$1ross-sectional$2
((?:\W|^)[Cc])rucifiction(\W|$)	$1rucifixion$2
((?:\W|^)[Cc])rucifictions(\W|$)	$1rucifixions$2
((?:\W|^)[Cc])uboctohedral(\W|$)	$1uboctahedral$2
((?:\W|^)[Cc])uing(\W|$)	$1ueing$2
((?:\W|^)[Cc])umberbunds(\W|$)	$1ummerbunds$2
((?:\W|^)[Cc])uriousity(\W|$)	$1uriosity$2
((?:\W|^)[Cc])urundum(\W|$)	$1orundum$2
((?:\W|^)[Cc])yclohexamide(\W|$)	$1ycloheximide$2
((?:\W|^)[Cc])yctic(\W|$)	$1ystic$2
((?:\W|^)[Cc])ytocine(\W|$)	$1ytosine$2
((?:\W|^)[Cc])ytoxic(\W|$)	$1ytotoxic$2
((?:\W|^)[Dd])aguerrotype(\W|$)	$1aguerreotype$2
((?:\W|^)[Dd])aguerrotypy(\W|$)	$1aguerreotypy$2
((?:\W|^)[Dd])amnit(\W|$)	$1ammit$2
((?:\W|^)[Dd])ancable(\W|$)	$1anceable$2
((?:\W|^)[Dd])ancathon(\W|$)	$1anceathon$2
((?:\W|^)[Dd])eactylase(\W|$)	$1eacetylase$2
((?:\W|^)[Dd])eadenylylation(\W|$)	$1eadenylation$2
((?:\W|^)[Dd])earrest(\W|$)	$1earest$2
((?:\W|^)[Dd])eathiness(\W|$)	$1eathliness$2
((?:\W|^)[Dd])eathy(\W|$)	$1eathly$2
((?:\W|^)[Dd])ecarbazine(\W|$)	$1acarbazine$2
((?:\W|^)[Dd])ecieve(\W|$)	$1eceive$2
((?:\W|^)[Dd])ecologies(\W|$)	$1ecalogies$2
((?:\W|^)[Dd])ecology(\W|$)	$1ecalogy$2
((?:\W|^)[Dd])ecorrellation(\W|$)	$1ecorrelation$2
((?:\W|^)[Dd])ecourous(\W|$)	$1ecorous$2
(\W|^)defaulty(\W|$)	faulty
((?:\W|^)[Dd])efencive(\W|$)	$1efensive$2
((?:\W|^)[Dd])effered(\W|$)	$1eferred$2
((?:\W|^)[Dd])efiantly(\W|$)	$1efinitely$2
((?:\W|^)[Dd])efinate(\W|$)	$1efinite$2
((?:\W|^)[Dd])efinately(\W|$)	$1efinitely$2
((?:\W|^)[Dd])efination(\W|$)	$1efinition$2
((?:\W|^)[Dd])efinatly(\W|$)	$1efinitely$2
((?:\W|^)[Dd])efinetly(\W|$)	$1efinitely$2
((?:\W|^)[Dd])efiniton(\W|$)	$1efinition$2
((?:\W|^)[Dd])efinitons(\W|$)	$1efiniton$2
((?:\W|^)[Dd])efusion(\W|$)	$1iffusion$2
((?:\W|^)[Dd])elapidated(\W|$)	$1ilapidated$2
((?:\W|^)[Dd])emogogue(\W|$)	$1emagogue$2
((?:\W|^)[Dd])eoxyadenine(\W|$)	$1eoxyadenosine$2
((?:\W|^)[Dd])epants(\W|$)	$1eparts$2
((?:\W|^)[Dd])epaurate(\W|$)	$1epauperate$2
((?:\W|^)[Dd])ependance(\W|$)	$1ependence$2
((?:\W|^)[Dd])ependant(\W|$)	$1ependent$2
((?:\W|^)[Dd])ereferencable(\W|$)	$1ereferenceable$2
((?:\W|^)[Dd])erilict(\W|$)	$1erelict$2
((?:\W|^)[Dd])escendents(\W|$)	$1escendants$2
((?:\W|^)[Dd])esciption(\W|$)	$1escription$2
((?:\W|^)[Dd])esighn(\W|$)	$1esign$2
((?:\W|^)[Dd])esparate(\W|$)	$1esperate$2
((?:\W|^)[Dd])especable(\W|$)	$1espicable$2
((?:\W|^)[Dd])essicate(\W|$)	$1esiccate$2
((?:\W|^)[Dd])essicated(\W|$)	$1esiccated$2
((?:\W|^)[Dd])essication(\W|$)	$1esiccation$2
((?:\W|^)[Dd])eterr(\W|$)	$1eter$2
((?:\W|^)[Dd])evize(\W|$)	$1evise$2
((?:\W|^)[Dd])examethosone(\W|$)	$1examethasone$2
((?:\W|^)[Dd])exterious(\W|$)	$1exterous$2
((?:\W|^)[Dd])iactivated(\W|$)	$1eactivated$2
((?:\W|^)[Dd])iadic(\W|$)	$1yadic$2
((?:\W|^)[Dd])iagetic(\W|$)	$1iegetic$2
((?:\W|^)[Dd])ichronic(\W|$)	$1ichroic$2
((?:\W|^)[Dd])ichronic(\W|$)	$1iachronic$2
((?:\W|^)[Dd])ickwod(\W|$)	$1ickwad$2
((?:\W|^)[Dd])idint(\W|$)	$1idn't$2
((?:\W|^)[Dd])ido(\W|$)	$1itto$2
((?:\W|^)[Dd])ieing(\W|$)	$1ying$2
((?:\W|^)[Dd])iethylstilbesterol(\W|$)	$1iethylstilbestrol$2
((?:\W|^)[Dd])ifferentley(\W|$)	$1ifferently$2
((?:\W|^)[Dd])igitgrade(\W|$)	$1igitigrade$2
((?:\W|^)[Dd])ihydrophenylisatin(\W|$)	$1ihydroxyphenylisatin$2
((?:\W|^)[Dd])ilemna(\W|$)	$1ilemma$2
((?:\W|^)[Dd])illigent(\W|$)	$1iligent$2
((?:\W|^)[Dd])imensia(\W|$)	$1ementia$2
((?:\W|^)[Dd])imented(\W|$)	$1emented$2
((?:\W|^)[Dd])imentia(\W|$)	$1ementia$2
((?:\W|^)[Dd])imentional(\W|$)	$1imensional$2
((?:\W|^)[Dd])iminuitive(\W|$)	$1iminutive$2
((?:\W|^)[Dd])ipthong(\W|$)	$1iphthong$2
((?:\W|^)[Dd])irth(\W|$)	$1earth$2
((?:\W|^)[Dd])isasterous(\W|$)	$1isastrous$2
((?:\W|^)[Dd])isasterously(\W|$)	$1isastrously$2
((?:\W|^)[Dd])isatisfied(\W|$)	$1issatisfied$2
((?:\W|^)[Dd])isect(\W|$)	$1issect$2
((?:\W|^)[Dd])isection(\W|$)	$1issection$2
((?:\W|^)[Dd])isections(\W|$)	$1issections$2
((?:\W|^)[Dd])iseminate(\W|$)	$1isseminate$2
((?:\W|^)[Dd])iserve(\W|$)	$1eserve$2
((?:\W|^)[Dd])isfunction(\W|$)	$1ysfunction$2
((?:\W|^)[Dd])isintered(\W|$)	$1isinterred$2
((?:\W|^)[Dd])isintering(\W|$)	$1isinterring$2
((?:\W|^)[Dd])ispeptic(\W|$)	$1yspeptic$2
((?:\W|^)[Dd])ispersement(\W|$)	$1isbursement$2
((?:\W|^)[Dd])isplacable(\W|$)	$1isplaceable$2
((?:\W|^)[Dd])ispursement(\W|$)	$1isbursement$2
((?:\W|^)[Dd])isregulate(\W|$)	$1ysregulate$2
((?:\W|^)[Dd])isregulated(\W|$)	$1ysregulated$2
((?:\W|^)[Dd])isregulates(\W|$)	$1ysregulates$2
((?:\W|^)[Dd])isregulation(\W|$)	$1ysregulation$2
((?:\W|^)[Dd])isrotary(\W|$)	$1isrotatory$2
((?:\W|^)[Dd])issarray(\W|$)	$1isarray$2
((?:\W|^)[Dd])issention(\W|$)	$1issension$2
((?:\W|^)[Dd])istopia(\W|$)	$1ystopia$2
((?:\W|^)[Dd])iverticuli(\W|$)	$1iverticula$2
((?:\W|^)[Dd])ivisable(\W|$)	$1ivisible$2
((?:\W|^)[Dd])ivorcable(\W|$)	$1ivorceable$2
((?:\W|^)[Dd])oesint(\W|$)	$1oesn't$2
((?:\W|^)[Dd])oesnt(\W|$)	$1oesn't$2
((?:\W|^)[Dd])onage(\W|$)	$1unnage$2
((?:\W|^)[Dd])oppleganger(\W|$)	$1oppelganger$2
((?:\W|^)[Dd])oxyrubicin(\W|$)	$1oxorubicin$2
((?:\W|^)[Dd])rouge(\W|$)	$1rog$2
((?:\W|^)[Dd])rouge(\W|$)	$1rogue$2
((?:\W|^)[Dd])ubloon(\W|$)	$1oubloon$2
((?:\W|^)[Dd])ubloons(\W|$)	$1oubloons$2
((?:\W|^)[Ee])ccenteric(\W|$)	$1ccentric$2
((?:\W|^)[Ee])clesiastical(\W|$)	$1cclesiastical$2
((?:\W|^)[Ee])dafology(\W|$)	$1daphology$2
((?:\W|^)[Ee])ditted(\W|$)	$1dited$2
((?:\W|^)[Ee])ditting(\W|$)	$1diting$2
((?:\W|^)[Ee])dumacate(\W|$)	$1ducate$2
(\W|^)effect(\W|$)	affect
((?:\W|^)[Ee])ffectiveley(\W|$)	$1ffectively$2
((?:\W|^)[Ee])ffectivley(\W|$)	$1ffectively$2
((?:\W|^)[Ee])grecious(\W|$)	$1gregious$2
((?:\W|^)[Ee])ightth(\W|$)	$1ighth$2
((?:\W|^)[Ee])lectricute(\W|$)	$1lectrocute$2
((?:\W|^)[Ee])lectrition(\W|$)	$1lectrician$2
((?:\W|^)[Ee])lectrolight(\W|$)	$1lectrolyte$2
((?:\W|^)[Ee])lephantitis(\W|$)	$1lephantiasis$2
((?:\W|^)[Ee])mbarass(\W|$)	$1mbarrass$2
((?:\W|^)[Ee])mbarassed(\W|$)	$1mbarrassed$2
((?:\W|^)[Ee])mbarassing(\W|$)	$1mbarrassing$2
((?:\W|^)[Ee])mbarassment(\W|$)	$1mbarrassment$2
((?:\W|^)[Ee])mbarrasing(\W|$)	$1mbarrassing$2
((?:\W|^)[Ee])mbracable(\W|$)	$1mbraceable$2
((?:\W|^)[Ee])misary(\W|$)	$1missary$2
((?:\W|^)[Ee])mmisivity(\W|$)	$1missivity$2
((?:\W|^)[Ee])mperical(\W|$)	$1mpirical$2
((?:\W|^)[Ee])nantate(\W|$)	$1nanthate$2
((?:\W|^)[Ee])nciclopedia(\W|$)	$1ncyclopedia$2
(\W|^)encourageable(\W|$)	incorrigible
(\W|^)endecasyllable(\W|$)	hendecasyllable
((?:\W|^)[Ee])ndtrail(\W|$)	$1ntrail$2
((?:\W|^)[Ee])nforcable(\W|$)	$1nforceable$2
((?:\W|^)[Ee])nginer(\W|$)	$1ngineer$2
((?:\W|^)[Ee])nshure(\W|$)	$1nsure$2
((?:\W|^)[Ee])nterance(\W|$)	$1ntrance$2
((?:\W|^)[Ee])ntery(\W|$)	$1ntry$2
((?:\W|^)[Ee])ntrable(\W|$)	$1nterable$2
((?:\W|^)[Ee])nuf(\W|$)	$1nough$2
(\W|^)envolvement(\W|$)	involvement
((?:\W|^)[Ee])nwreath(\W|$)	$1nwreathe$2
((?:\W|^)[Ee])picine(\W|$)	$1picene$2
((?:\W|^)[Ee])pidemology(\W|$)	$1pidemiology$2
((?:\W|^)[Ee])pitomy(\W|$)	$1pitome$2
((?:\W|^)[Ee])quinoxe(\W|$)	$1quinox$2
((?:\W|^)[Ee])rythropoeisis(\W|$)	$1rythropoiesis$2
((?:\W|^)[Ee])timology(\W|$)	$1tymology$2
((?:\W|^)[Ee])uthenasia(\W|$)	$1uthanasia$2
((?:\W|^)[Ee])vangalistic(\W|$)	$1vangelistic$2
((?:\W|^)[Ee])xagerate(\W|$)	$1xaggerate$2
((?:\W|^)[Ee])xageration(\W|$)	$1xaggeration$2
((?:\W|^)[Ee])xaggregate(\W|$)	$1xaggerate$2
((?:\W|^)[Ee])xcerable(\W|$)	$1xecrable$2
((?:\W|^)[Ee])xcercise(\W|$)	$1xercise$2
((?:\W|^)[Ee])xcist(\W|$)	$1xist$2
((?:\W|^)[Ee])xcrutiate(\W|$)	$1xcruciate$2
((?:\W|^)[Ee])xcusion(\W|$)	$1xcursion$2
((?:\W|^)[Ee])xcusion(\W|$)	$1xclusion$2
((?:\W|^)[Ee])xersize(\W|$)	$1xercise$2
((?:\W|^)[Ee])xhorbitant(\W|$)	$1xorbitant$2
((?:\W|^)[Ee])xistance(\W|$)	$1xistence$2
((?:\W|^)[Ee])xistant(\W|$)	$1xistent$2
((?:\W|^)[Ee])xiting(\W|$)	$1xciting$2
((?:\W|^)[Ee])xorbital(\W|$)	$1xorbitant$2
((?:\W|^)[Ee])xpatriot(\W|$)	$1xpatriate$2
((?:\W|^)[Ee])xpecially(\W|$)	$1specially$2
((?:\W|^)[Ee])xpediant(\W|$)	$1xpedient$2
((?:\W|^)[Ee])xpediate(\W|$)	$1xpedite$2
((?:\W|^)[Ee])xperiencable(\W|$)	$1xperienceable$2
((?:\W|^)[Ee])xpidite(\W|$)	$1xpedite$2
((?:\W|^)[Ee])xpidited(\W|$)	$1xpedite$2
((?:\W|^)[Ee])xpidites(\W|$)	$1xpedite$2
((?:\W|^)[Ee])xpiditing(\W|$)	$1xpedite$2
((?:\W|^)[Ee])xtacy(\W|$)	$1cstasy$2
((?:\W|^)[Ee])xtatic(\W|$)	$1cstatic$2
((?:\W|^)[Ee])xtention(\W|$)	$1xtension$2
((?:\W|^)[Ee])xtravagent(\W|$)	$1xtravagant$2
((?:\W|^)[Ee])xtravastion(\W|$)	$1xtravasation$2
((?:\W|^)[Ee])xtrordinary(\W|$)	$1xtraordinary$2
((?:\W|^)[Ee])xuvium(\W|$)	$1xuvia$2
((?:\W|^)[Ff])acist(\W|$)	$1ascist$2
((?:\W|^)[Ff])ait(\W|$)	$1ate$2
(\W|^)fakakta(\W|$)	verkakte
((?:\W|^)[Ff])amilar(\W|$)	$1amiliar$2
((?:\W|^)[Ff])anware(\W|$)	$1anwear$2
((?:\W|^)[Ff])ettucine(\W|$)	$1ettuccine$2
((?:\W|^)[Ff])iberous(\W|$)	$1ibrous$2
((?:\W|^)[Ff])ictitional(\W|$)	$1ictional$2
((?:\W|^)[Ff])ilabuster(\W|$)	$1ilibuster$2
((?:\W|^)[Ff])iliment(\W|$)	$1ilament$2
((?:\W|^)[Ff])iliments(\W|$)	$1ilaments$2
((?:\W|^)[Ff])inancable(\W|$)	$1inanceable$2
((?:\W|^)[Ff])irey(\W|$)	$1iery$2
((?:\W|^)[Ff])issibility(\W|$)	$1easibility$2
(\W|^)fitosterol(\W|$)	phytosterol
((?:\W|^)[Ff])iveteen(\W|$)	$1ifteen$2
((?:\W|^)[Ff])ivety(\W|$)	$1ifty$2
((?:\W|^)[Ff])lagrant(\W|$)	$1ragrant$2
((?:\W|^)[Ff])leischnacke(\W|$)	$1leischnacka$2
((?:\W|^)[Ff])loged(\W|$)	$1logged$2
((?:\W|^)[Ff])loging(\W|$)	$1logging$2
((?:\W|^)[Ff])loopy(\W|$)	$1loppy$2
((?:\W|^)[Ff])loride(\W|$)	$1luoride$2
((?:\W|^)[Ff])lorides(\W|$)	$1luorides$2
((?:\W|^)[Ff])lourine(\W|$)	$1luorine$2
((?:\W|^)[Ff])lourodeoxyglucose(\W|$)	$1luorodeoxyglucose$2
((?:\W|^)[Ff])luxuate(\W|$)	$1luctuate$2
((?:\W|^)[Ff])luxuated(\W|$)	$1luctuated$2
((?:\W|^)[Ff])luxuates(\W|$)	$1luctuates$2
((?:\W|^)[Ff])luxuating(\W|$)	$1luctuating$2
((?:\W|^)[Ff])luxuation(\W|$)	$1luctuation$2
((?:\W|^)[Ff])luxuations(\W|$)	$1luctuations$2
((?:\W|^)[Ff])oosa(\W|$)	$1ossa$2
((?:\W|^)[Ff])orcast(\W|$)	$1orecast$2
((?:\W|^)[Ff])orceable(\W|$)	$1orcible$2
((?:\W|^)[Ff])orebearance(\W|$)	$1orbearance$2
((?:\W|^)[Ff])oreward(\W|$)	$1orward$2
((?:\W|^)[Ff])orgiveable(\W|$)	$1orgivable$2
((?:\W|^)[Ff])ormated(\W|$)	$1ormatted$2
((?:\W|^)[Ff])ormating(\W|$)	$1ormatting$2
((?:\W|^)[Ff])orment(\W|$)	$1oment$2
((?:\W|^)[Ff])orseeable(\W|$)	$1oreseeable$2
((?:\W|^)[Ff])orth(\W|$)	$1ourth$2
((?:\W|^)[Ff])orward(\W|$)	$1oreword$2
(\W|^)fotograph(\W|$)	photograph
((?:\W|^)[Ff])ourties(\W|$)	$1orties$2
((?:\W|^)[Ff])ourty(\W|$)	$1orty$2
((?:\W|^)[Ff])reeest(\W|$)	$1reest$2
((?:\W|^)[Ff])reind(\W|$)	$1riend$2
((?:\W|^)[Ff])requentive(\W|$)	$1requentative$2
((?:\W|^)[Ff])rivilous(\W|$)	$1rivolous$2
((?:\W|^)[Ff])rustrum(\W|$)	$1rustum$2
((?:\W|^)[Ff])ucknuckle(\W|$)	$1uck-knuckle$2
((?:\W|^)[Ff])ugazy(\W|$)	$1ugazi$2
((?:\W|^)[Ff])ullsome(\W|$)	$1ulsome$2
((?:\W|^)[Ff])uschia(\W|$)	$1uchsia$2
((?:\W|^)[Ff])uschias(\W|$)	$1uchsia$2
((?:\W|^)[Ff])usilinid(\W|$)	$1usulinid$2
((?:\W|^)[Ff])uthermore(\W|$)	$1urthermore$2
((?:\W|^)[Ff])uzzyfication(\W|$)	$1uzzification$2
((?:\W|^)[Gg])alavant(\W|$)	$1allivant$2
((?:\W|^)[Gg])alvinize(\W|$)	$1alvanize$2
((?:\W|^)[Gg])arned(\W|$)	$1arnered$2
((?:\W|^)[Gg])astulation(\W|$)	$1astrulation$2
((?:\W|^)[Gg])aurantee(\W|$)	$1uarantee$2
((?:\W|^)[Gg])eneology(\W|$)	$1enealogy$2
((?:\W|^)[Gg])enious(\W|$)	$1enius$2
((?:\W|^)[Gg])hey(\W|$)	$1ay$2
((?:\W|^)[Gg])ibblets(\W|$)	$1iblets$2
((?:\W|^)[Gg])igaamp(\W|$)	$1igamp$2
((?:\W|^)[Gg])izard(\W|$)	$1izzard$2
((?:\W|^)[Gg])lamourous(\W|$)	$1lamorous$2
((?:\W|^)[Gg])leem(\W|$)	$1leam$2
((?:\W|^)[Gg])lodes(\W|$)	$1lobes$2
((?:\W|^)[Gg])lucoronidase(\W|$)	$1lucuronidase$2
((?:\W|^)[Gg])lucous(\W|$)	$1laucous$2
((?:\W|^)[Gg])lucous(\W|$)	$1lucose$2
((?:\W|^)[Gg])lutony(\W|$)	$1luttony$2
((?:\W|^)[Gg])lycocylase(\W|$)	$1lycosylase$2
((?:\W|^)[Gg])lycoslated(\W|$)	$1lycosylated$2
(\W|^)gnurled(\W|$)	knurled
((?:\W|^)[Gg])oddam(\W|$)	$1oddamn$2
((?:\W|^)[Gg])ogol(\W|$)	$1oogol$2
((?:\W|^)[Gg])onorhynchiform(\W|$)	$1onorynchiform$2
((?:\W|^)[Gg])oogle(\W|$)	$1oogol$2
((?:\W|^)[Gg])oogleplex(\W|$)	$1oogolplex$2
((?:\W|^)[Gg])overment(\W|$)	$1overnment$2
((?:\W|^)[Gg])ovorn(\W|$)	$1overn$2
((?:\W|^)[Gg])rabable(\W|$)	$1rabbable$2
((?:\W|^)[Gg])ram(\W|$)	$1raham$2
((?:\W|^)[Gg])ramenivorous(\W|$)	$1raminivorous$2
((?:\W|^)[Gg])rammer(\W|$)	$1rammar$2
((?:\W|^)[Gg])randads(\W|$)	$1randdads$2
((?:\W|^)[Gg])randog(\W|$)	$1randdog$2
((?:\W|^)[Gg])ratuitious(\W|$)	$1ratuitous$2
((?:\W|^)[Gg])reatfruit(\W|$)	$1rapefruit$2
((?:\W|^)[Gg])reatful(\W|$)	$1rateful$2
((?:\W|^)[Gg])reatley(\W|$)	$1reatly$2
((?:\W|^)[Gg])revious(\W|$)	$1rievous$2
((?:\W|^)[Gg])riege(\W|$)	$1reige$2
((?:\W|^)[Gg])rizzly(\W|$)	$1risly$2
((?:\W|^)[Gg])uage(\W|$)	$1auge$2
((?:\W|^)[Gg])uise(\W|$)	$1uys$2
((?:\W|^)[Gg])unwhale(\W|$)	$1unwale$2
((?:\W|^)[Gg])utteral(\W|$)	$1uttural$2
((?:\W|^)[Hh])abaneroes(\W|$)	$1abanero$2
((?:\W|^)[Hh])aemopoetic(\W|$)	$1aemopoietic$2
((?:\W|^)[Hh])alapenoes(\W|$)	$1alapeno$2
((?:\W|^)[Hh])alapenos(\W|$)	$1alapeno$2
((?:\W|^)[Hh])appyness(\W|$)	$1appiness$2
((?:\W|^)[Hh])arrass(\W|$)	$1arass$2
((?:\W|^)[Hh])arth(\W|$)	$1earth$2
((?:\W|^)[Hh])ayday(\W|$)	$1eyday$2
((?:\W|^)[Hh])azlenut(\W|$)	$1azelnut$2
((?:\W|^)[Hh])ectagon(\W|$)	$1exagon$2
((?:\W|^)[Hh])ectagon(\W|$)	$1eptagon$2
((?:\W|^)[Hh])eigth(\W|$)	$1eight$2
((?:\W|^)[Hh])eirophant(\W|$)	$1ierophant$2
((?:\W|^)[Hh])eirophants(\W|$)	$1ierophants$2
((?:\W|^)[Hh])eman(\W|$)	$1e-man$2
((?:\W|^)[Hh])ematopoeitic(\W|$)	$1ematopoietic$2
((?:\W|^)[Hh])ematopoetic(\W|$)	$1ematopoietic$2
((?:\W|^)[Hh])ematoxilin(\W|$)	$1ematoxylin$2
((?:\W|^)[Hh])emodesmosome(\W|$)	$1emidesmosome$2
((?:\W|^)[Hh])emroid(\W|$)	$1emorrhoid$2
((?:\W|^)[Hh])eparine(\W|$)	$1eparin$2
((?:\W|^)[Hh])erbivourous(\W|$)	$1erbivorous$2
((?:\W|^)[Hh])eresay(\W|$)	$1earsay$2
((?:\W|^)[Hh])ermetic(\W|$)	$1ermitic$2
((?:\W|^)[Hh])eterogenecity(\W|$)	$1eterogeneity$2
((?:\W|^)[Hh])eterologus(\W|$)	$1eterologous$2
((?:\W|^)[Hh])igh-pitch(\W|$)	$1igh-pitched$2
((?:\W|^)[Hh])ighlite(\W|$)	$1ighlight$2
((?:\W|^)[Hh])ighlited(\W|$)	$1ighlighted$2
((?:\W|^)[Hh])ighliter(\W|$)	$1ighlighter$2
((?:\W|^)[Hh])ighlites(\W|$)	$1ighlights$2
((?:\W|^)[Hh])ighliting(\W|$)	$1ighlighting$2
((?:\W|^)[Hh])ilight(\W|$)	$1ighlight$2
((?:\W|^)[Hh])ilighted(\W|$)	$1ighlighted$2
((?:\W|^)[Hh])ilighting(\W|$)	$1ighlighting$2
((?:\W|^)[Hh])ilights(\W|$)	$1ighlights$2
((?:\W|^)[Hh])ippopotomonstrosesquippedaliophobia(\W|$)	$1ippopotomonstrosesquipedaliophobia$2
((?:\W|^)[Hh])ippotamus(\W|$)	$1ippopotamus$2
((?:\W|^)[Hh])istocompatability(\W|$)	$1istocompatibility$2
((?:\W|^)[Hh])oard(\W|$)	$1orde$2
((?:\W|^)[Hh])olocost(\W|$)	$1olocaust$2
((?:\W|^)[Hh])omee(\W|$)	$1omey$2
((?:\W|^)[Hh])omotethy(\W|$)	$1omothety$2
((?:\W|^)[Hh])onestley(\W|$)	$1onestly$2
((?:\W|^)[Hh])onourary(\W|$)	$1onorary$2
((?:\W|^)[Hh])opologist(\W|$)	$1oplologist$2
((?:\W|^)[Hh])orribley(\W|$)	$1orribly$2
((?:\W|^)[Hh])orrour(\W|$)	$1orror$2
((?:\W|^)[Hh])orticulturalist(\W|$)	$1orticulturist$2
((?:\W|^)[Hh])oved(\W|$)	$1ove$2
((?:\W|^)[Hh])uckabuck(\W|$)	$1uckaback$2
((?:\W|^)[Hh])urdle(\W|$)	$1urtle$2
((?:\W|^)[Hh])uristic(\W|$)	$1euristic$2
((?:\W|^)[Hh])ydroflurocarbon(\W|$)	$1ydrofluorocarbon$2
((?:\W|^)[Hh])ygenic(\W|$)	$1ygienic$2
((?:\W|^)[Hh])ynagogic(\W|$)	$1ypnagogic$2
((?:\W|^)[Hh])ypatocyte(\W|$)	$1epatocyte$2
((?:\W|^)[Hh])yperthetical(\W|$)	$1ypothetical$2
((?:\W|^)[Hh])ypertostosis(\W|$)	$1yperostosis$2
((?:\W|^)[Hh])ypochloride(\W|$)	$1ypochlorite$2
((?:\W|^)[Hh])ypocracy(\W|$)	$1ypocrisy$2
((?:\W|^)[Hh])yponathemia(\W|$)	$1yponatremia$2
((?:\W|^)[Hh])yponathemias(\W|$)	$1yponathemia$2
((?:\W|^)[Hh])ystidyl(\W|$)	$1istidyl$2
((?:\W|^)[Ii])conclastic(\W|$)	$1conoclastic$2
((?:\W|^)[Ii])cthyoid(\W|$)	$1chthyoid$2
((?:\W|^)[Ii])cthyoids(\W|$)	$1chthyoids$2
((?:\W|^)[Ii])cycle(\W|$)	$1cicle$2
((?:\W|^)[Ii])dae(\W|$)	$1dea$2
((?:\W|^)[Ii])daes(\W|$)	$1deas$2
((?:\W|^)[Ii])dealogies(\W|$)	$1deologies$2
((?:\W|^)[Ii])dealogy(\W|$)	$1deology$2
((?:\W|^)[Ii])denticial(\W|$)	$1dentical$2
((?:\W|^)[Ii])gnominous(\W|$)	$1gnominious$2
((?:\W|^)[Ii])llistrate(\W|$)	$1llustrate$2
((?:\W|^)[Ii])minent(\W|$)	$1mminent$2
((?:\W|^)[Ii])mmeadiately(\W|$)	$1mmediately$2
((?:\W|^)[Ii])mmidazole(\W|$)	$1midazole$2
((?:\W|^)[Ii])mmitance(\W|$)	$1mmittance$2
((?:\W|^)[Ii])mmunosupression(\W|$)	$1mmunosuppression$2
((?:\W|^)[Ii])mparasyllabic(\W|$)	$1mparisyllabic$2
((?:\W|^)[Ii])mpassible(\W|$)	$1mpassable$2
(\W|^)imperical(\W|$)	empirical
((?:\W|^)[Ii])mprovized(\W|$)	$1mprovised$2
((?:\W|^)[Ii])mpulvium(\W|$)	$1mpluvium$2
((?:\W|^)[Ii])nate(\W|$)	$1nnate$2
((?:\W|^)[Ii])nbetween(\W|$)	$1n-between$2
((?:\W|^)[Ii])ncestous(\W|$)	$1ncestuous$2
((?:\W|^)[Ii])ncestously(\W|$)	$1ncestuously$2
((?:\W|^)[Ii])nclimate(\W|$)	$1nclement$2
((?:\W|^)[Ii])ncommodius(\W|$)	$1ncommodious$2
((?:\W|^)[Ii])ncontravertable(\W|$)	$1ncontrovertible$2
((?:\W|^)[Ii])ncorruptable(\W|$)	$1ncorruptible$2
((?:\W|^)[Ii])ncredibley(\W|$)	$1ncredibly$2
((?:\W|^)[Ii])ncreidbly(\W|$)	$1ncredibly$2
((?:\W|^)[Ii])ndelable(\W|$)	$1ndelible$2
((?:\W|^)[Ii])ndentified(\W|$)	$1dentified$2
((?:\W|^)[Ii])ndestructable(\W|$)	$1ndestructible$2
((?:\W|^)[Ii])ndiscriminant(\W|$)	$1ndiscriminate$2
((?:\W|^)[Ii])ndiscriminantly(\W|$)	$1ndiscriminately$2
((?:\W|^)[Ii])ndispensible(\W|$)	$1ndispensable$2
((?:\W|^)[Ii])nditements(\W|$)	$1ndictments$2
((?:\W|^)[Ii])ndpendent(\W|$)	$1ndependent$2
((?:\W|^)[Ii])nfinate(\W|$)	$1nfinite$2
((?:\W|^)[Ii])nflammed(\W|$)	$1nflamed$2
((?:\W|^)[Ii])nfraorder(\W|$)	$1nfra-order$2
((?:\W|^)[Ii])nfraorders(\W|$)	$1nfra-orders$2
((?:\W|^)[Ii])ngenius(\W|$)	$1ngenious$2
((?:\W|^)[Ii])nsatiaty(\W|$)	$1nsanity$2
((?:\W|^)[Ii])nsiduous(\W|$)	$1nsidious$2
((?:\W|^)[Ii])nsistance(\W|$)	$1nsistence$2
((?:\W|^)[Ii])nsistances(\W|$)	$1nsistences$2
((?:\W|^)[Ii])nstaled(\W|$)	$1nstalled$2
((?:\W|^)[Ii])nstaling(\W|$)	$1nstalling$2
((?:\W|^)[Ii])nstanciate(\W|$)	$1nstantiate$2
((?:\W|^)[Ii])nstanciating(\W|$)	$1nstantiating$2
((?:\W|^)[Ii])nstanciation(\W|$)	$1nstantiation$2
((?:\W|^)[Ii])nstaneous(\W|$)	$1nstantaneous$2
((?:\W|^)[Ii])nstrumention(\W|$)	$1nstrumentation$2
((?:\W|^)[Ii])ntellegent(\W|$)	$1ntelligent$2
((?:\W|^)[Ii])nteracter(\W|$)	$1nteractor$2
((?:\W|^)[Ii])nterchangable(\W|$)	$1nterchangeable$2
((?:\W|^)[Ii])nteressed(\W|$)	$1nterested$2
((?:\W|^)[Ii])ntermyocardial(\W|$)	$1ntramyocardial$2
((?:\W|^)[Ii])nterpretated(\W|$)	$1nterpreted$2
((?:\W|^)[Ii])nterpretor(\W|$)	$1nterpreter$2
((?:\W|^)[Ii])nterresting(\W|$)	$1nteresting$2
((?:\W|^)[Ii])nteruterine(\W|$)	$1ntrauterine$2
(\W|^)intirely(\W|$)	entirely
((?:\W|^)[Ii])ntraoccular(\W|$)	$1ntraocular$2
((?:\W|^)[Ii])ntraveneous(\W|$)	$1ntravenous$2
((?:\W|^)[Ii])ntresting(\W|$)	$1nteresting$2
((?:\W|^)[Ii])pod(\W|$)	$1Pod$2
((?:\W|^)[Ii])ritic(\W|$)	$1ridic$2
((?:\W|^)[Ii])rratable(\W|$)	$1rritable$2
((?:\W|^)[Ii])rreplacable(\W|$)	$1rreplaceable$2
((?:\W|^)[Ii])rresistable(\W|$)	$1rresistible$2
((?:\W|^)[Ii])rresistably(\W|$)	$1rresistibly$2
(\W|^)irrhythmia(\W|$)	arrhythmia
((?:\W|^)[Ii])rridescent(\W|$)	$1ridescent$2
(\W|^)irrupt(\W|$)	erupt
((?:\W|^)[Ii])sint(\W|$)	$1sn't$2
((?:\W|^)[Ii])snt(\W|$)	$1sn't$2
((?:\W|^)[Ii])soflourane(\W|$)	$1soflurane$2
(\W|^)isogesis(\W|$)	eisegesis
(\W|^)isogetical(\W|$)	eisegesis
((?:\W|^)[Ii])ts'(\W|$)	$1ts$2
((?:\W|^)[Jj])acknife(\W|$)	$1ackknife$2
((?:\W|^)[Jj])alapenoes(\W|$)	$1alapeno$2
((?:\W|^)[Jj])epoardy(\W|$)	$1eopardy$2
((?:\W|^)[Jj])ewelery(\W|$)	$1ewellery$2
((?:\W|^)[Jj])ewlery(\W|$)	$1ewelry$2
(\W|^)jill(\W|$)	gill
(\W|^)jipped(\W|$)	gypped
(\W|^)jipping(\W|$)	gypping
((?:\W|^)[Jj])ottering(\W|$)	$1otting$2
((?:\W|^)[Jj])ubilence(\W|$)	$1ubilance$2
((?:\W|^)[Jj])ubilent(\W|$)	$1ubilant$2
((?:\W|^)[Jj])ubilently(\W|$)	$1ubilantly$2
((?:\W|^)[Jj])uxtoposition(\W|$)	$1uxtaposition$2
(\W|^)kar(\W|$)	car
((?:\W|^)[Kk])eat(\W|$)	$1eet$2
((?:\W|^)[Kk])eeped(\W|$)	$1eep$2
((?:\W|^)[Kk])ened(\W|$)	$1enned$2
((?:\W|^)[Kk])ening(\W|$)	$1enning$2
((?:\W|^)[Kk])ernal(\W|$)	$1ernel$2
((?:\W|^)[Kk])estral(\W|$)	$1estrel$2
((?:\W|^)[Kk])etogluterate(\W|$)	$1etoglutarate$2
((?:\W|^)[Kk])indegardner(\W|$)	$1indergartner$2
((?:\W|^)[Kk])indergarden(\W|$)	$1indergarten$2
((?:\W|^)[Kk])indergardener(\W|$)	$1indergartner$2
((?:\W|^)[Kk])indergardner(\W|$)	$1indergartner$2
((?:\W|^)[Kk])intergarden(\W|$)	$1indergarten$2
(\W|^)knive(\W|$)	connive
((?:\W|^)[Ll])abouratory(\W|$)	$1aboratory$2
((?:\W|^)[Ll])abryinth(\W|$)	$1abyrinth$2
((?:\W|^)[Ll])amda(\W|$)	$1ambda$2
((?:\W|^)[Ll])amdoid(\W|$)	$1ambdoid$2
((?:\W|^)[Ll])amellopodium(\W|$)	$1amellipodium$2
((?:\W|^)[Ll])angauge(\W|$)	$1anguage$2
((?:\W|^)[Ll])angour(\W|$)	$1anguor$2
((?:\W|^)[Ll])aparatomy(\W|$)	$1aparotomy$2
((?:\W|^)[Ll])assoo(\W|$)	$1asso$2
((?:\W|^)[Ll])aundrymat(\W|$)	$1aundromat$2
((?:\W|^)[Ll])axadaisical(\W|$)	$1ackadaisical$2
((?:\W|^)[Ll])azer(\W|$)	$1aser$2
((?:\W|^)[Ll])ead(\W|$)	$1ed$2
((?:\W|^)[Ll])easure(\W|$)	$1eisure$2
((?:\W|^)[Ll])ecturn(\W|$)	$1ectern$2
((?:\W|^)[Ll])edgerdemain(\W|$)	$1egerdemain$2
((?:\W|^)[Ll])egable(\W|$)	$1egible$2
((?:\W|^)[Ll])egendry(\W|$)	$1egendary$2
((?:\W|^)[Ll])eggiero(\W|$)	$1eggero$2
((?:\W|^)[Ll])egionaire(\W|$)	$1egionnaire$2
((?:\W|^)[Ll])egitimity(\W|$)	$1egitimacy$2
((?:\W|^)[Ll])ense(\W|$)	$1ens$2
((?:\W|^)[Ll])enseless(\W|$)	$1ensless$2
((?:\W|^)[Ll])ental(\W|$)	$1entil$2
((?:\W|^)[Ll])epper(\W|$)	$1eper$2
((?:\W|^)[Ll])exigraphical(\W|$)	$1exicographical$2
((?:\W|^)[Ll])iase(\W|$)	$1iaise$2
((?:\W|^)[Ll])iason(\W|$)	$1iaison$2
((?:\W|^)[Ll])ieing(\W|$)	$1ying$2
((?:\W|^)[Ll])iek(\W|$)	$1ike$2
((?:\W|^)[Ll])ier(\W|$)	$1iar$2
((?:\W|^)[Ll])ightening(\W|$)	$1ightning$2
((?:\W|^)[Ll])il'(\W|$)	$1i'l$2
((?:\W|^)[Ll])illy(\W|$)	$1ily$2
((?:\W|^)[Ll])ipotechoic(\W|$)	$1ipoteichoic$2
((?:\W|^)[Ll])ithopedian(\W|$)	$1ithopedion$2
((?:\W|^)[Ll])ivelyhood(\W|$)	$1ivelihood$2
((?:\W|^)[Ll])oathesome(\W|$)	$1oathsome$2
((?:\W|^)[Ll])ongtitude(\W|$)	$1ongitude$2
((?:\W|^)[Ll])ongtitudinal(\W|$)	$1ongitudinal$2
((?:\W|^)[Ll])oose(\W|$)	$1ose$2
((?:\W|^)[Ll])ooser(\W|$)	$1oser$2
((?:\W|^)[Ll])oquatious(\W|$)	$1oquacious$2
((?:\W|^)[Ll])oquatiousness(\W|$)	$1oquaciousness$2
((?:\W|^)[Ll])osest(\W|$)	$1oosest$2
((?:\W|^)[Ll])ucerative(\W|$)	$1ucrative$2
((?:\W|^)[Ll])uminousity(\W|$)	$1uminosity$2
((?:\W|^)[Ll])usterous(\W|$)	$1ustrous$2
((?:\W|^)[Ll])uv(\W|$)	$1ove$2
((?:\W|^)[Ll])yncomicin(\W|$)	$1incomycin$2
((?:\W|^)[Ll])yophylized(\W|$)	$1yophilized$2
((?:\W|^)[Ll])ypophosphoglycan(\W|$)	$1ipophosphoglycan$2
((?:\W|^)[Ll])ysomotropic(\W|$)	$1ysosomotropic$2
((?:\W|^)[Mm])abey(\W|$)	$1aybe$2
((?:\W|^)[Mm])abye(\W|$)	$1aybe$2
((?:\W|^)[Mm])agnetometery(\W|$)	$1agnetometry$2
((?:\W|^)[Mm])agniferous(\W|$)	$1anganiferous$2
((?:\W|^)[Mm])agnificant(\W|$)	$1agnificent$2
((?:\W|^)[Mm])agnolid(\W|$)	$1agnoliid$2
((?:\W|^)[Mm])aintainence(\W|$)	$1aintenance$2
((?:\W|^)[Mm])akeing(\W|$)	$1aking$2
((?:\W|^)[Mm])alabsorbtion(\W|$)	$1alabsorption$2
((?:\W|^)[Mm])ammery(\W|$)	$1ammary$2
((?:\W|^)[Mm])anagable(\W|$)	$1anageable$2
((?:\W|^)[Mm])aneouvre(\W|$)	$1anoeuvre$2
((?:\W|^)[Mm])aneuvreability(\W|$)	$1anoeuvrability$2
((?:\W|^)[Mm])anoever(\W|$)	$1aneuver$2
((?:\W|^)[Mm])anouver(\W|$)	$1aneuver$2
((?:\W|^)[Mm])anouvre(\W|$)	$1anoeuvre$2
((?:\W|^)[Mm])arijauna(\W|$)	$1arijuana$2
((?:\W|^)[Mm])armelade(\W|$)	$1armalade$2
((?:\W|^)[Mm])arshmellow(\W|$)	$1arshmallow$2
((?:\W|^)[Mm])asonary(\W|$)	$1asonry$2
((?:\W|^)[Mm])asterbate(\W|$)	$1asturbate$2
((?:\W|^)[Mm])asterbated(\W|$)	$1asturbated$2
((?:\W|^)[Mm])asterbates(\W|$)	$1asturbates$2
((?:\W|^)[Mm])asterbating(\W|$)	$1asturbating$2
((?:\W|^)[Mm])eaness(\W|$)	$1eanness$2
((?:\W|^)[Mm])easureable(\W|$)	$1easurable$2
((?:\W|^)[Mm])edecine(\W|$)	$1edicine$2
((?:\W|^)[Mm])egaamp(\W|$)	$1ega-amp$2
((?:\W|^)[Mm])egibyte(\W|$)	$1ebibyte$2
((?:\W|^)[Mm])ellifulous(\W|$)	$1ellifluous$2
((?:\W|^)[Mm])elphalin(\W|$)	$1elphalan$2
((?:\W|^)[Mm])embrain(\W|$)	$1embrane$2
((?:\W|^)[Mm])ens(\W|$)	$1en's$2
((?:\W|^)[Mm])enstrate(\W|$)	$1enstruate$2
((?:\W|^)[Mm])ephedrine(\W|$)	$1ephedrone$2
((?:\W|^)[Mm])ephedrine(\W|$)	$1ethedrine$2
((?:\W|^)[Mm])esentry(\W|$)	$1esentery$2
((?:\W|^)[Mm])esmorise(\W|$)	$1esmerise$2
((?:\W|^)[Mm])essageing(\W|$)	$1essaging$2
((?:\W|^)[Mm])essangial(\W|$)	$1esangial$2
((?:\W|^)[Mm])etabalome(\W|$)	$1etabolome$2
((?:\W|^)[Mm])etalothionein(\W|$)	$1etallothionein$2
((?:\W|^)[Mm])etaphore(\W|$)	$1etaphor$2
((?:\W|^)[Mm])etastastic(\W|$)	$1etastatic$2
((?:\W|^)[Mm])etastisize(\W|$)	$1etastasize$2
((?:\W|^)[Mm])eterical(\W|$)	$1etrical$2
((?:\W|^)[Mm])eterologist(\W|$)	$1eteorologist$2
((?:\W|^)[Mm])eterology(\W|$)	$1eteorology$2
((?:\W|^)[Mm])ethatherian(\W|$)	$1etatherian$2
((?:\W|^)[Mm])ethink(\W|$)	$1ethinks$2
((?:\W|^)[Mm])etonomy(\W|$)	$1etonymy$2
((?:\W|^)[Mm])iasis(\W|$)	$1yiasis$2
((?:\W|^)[Mm])id-evil(\W|$)	$1edieval$2
((?:\W|^)[Mm])idevil(\W|$)	$1edieval$2
((?:\W|^)[Mm])ililiter(\W|$)	$1illiliter$2
((?:\W|^)[Mm])ilimeter(\W|$)	$1illimeter$2
((?:\W|^)[Mm])illenia(\W|$)	$1illennia$2
((?:\W|^)[Mm])illenium(\W|$)	$1illennium$2
((?:\W|^)[Mm])illepede(\W|$)	$1illipede$2
((?:\W|^)[Mm])illepedes(\W|$)	$1illipedes$2
((?:\W|^)[Mm])iniscule(\W|$)	$1inuscule$2
((?:\W|^)[Mm])iniscules(\W|$)	$1inuscules$2
((?:\W|^)[Mm])ischevious(\W|$)	$1ischievous$2
((?:\W|^)[Mm])ischievious(\W|$)	$1ischievous$2
((?:\W|^)[Mm])iserabley(\W|$)	$1iserably$2
((?:\W|^)[Mm])ispell(\W|$)	$1isspell$2
((?:\W|^)[Mm])ispelling(\W|$)	$1isspelling$2
((?:\W|^)[Mm])ispelt(\W|$)	$1isspelt$2
((?:\W|^)[Mm])isprison(\W|$)	$1isprision$2
((?:\W|^)[Mm])ispronounciation(\W|$)	$1ispronunciation$2
((?:\W|^)[Mm])istify(\W|$)	$1ystify$2
((?:\W|^)[Mm])itotis(\W|$)	$1itosis$2
((?:\W|^)[Mm])izzled(\W|$)	$1isled$2
((?:\W|^)[Mm])olestered(\W|$)	$1olested$2
((?:\W|^)[Mm])omento(\W|$)	$1emento$2
((?:\W|^)[Mm])omentos(\W|$)	$1omentoes$2
((?:\W|^)[Mm])onoubiquinated(\W|$)	$1onoubiquitinated$2
((?:\W|^)[Mm])onsterous(\W|$)	$1onstrous$2
((?:\W|^)[Mm])onsterously(\W|$)	$1onstrously$2
((?:\W|^)[Mm])ortage(\W|$)	$1ortgage$2
((?:\W|^)[Mm])otorcicle(\W|$)	$1otorcycle$2
((?:\W|^)[Mm])otted(\W|$)	$1ottled$2
((?:\W|^)[Mm])otza(\W|$)	$1atzo$2
((?:\W|^)[Mm])otzas(\W|$)	$1atzos$2
((?:\W|^)[Mm])outhfull(\W|$)	$1outhful$2
((?:\W|^)[Mm])ssg(\W|$)	$1sg$2
((?:\W|^)[Mm])ultitide(\W|$)	$1ultitude$2
((?:\W|^)[Mm])utiliate(\W|$)	$1utilate$2
((?:\W|^)[Mm])yletis(\W|$)	$1yelitis$2
((?:\W|^)[Mm])yofacial(\W|$)	$1yofascial$2
((?:\W|^)[Nn])aivity(\W|$)	$1ativity$2
((?:\W|^)[Nn])aphtol(\W|$)	$1aphthol$2
(\W|^)napsack(\W|$)	knapsack
((?:\W|^)[Nn])ationist(\W|$)	$1ationalist$2
((?:\W|^)[Nn])avagable(\W|$)	$1avigable$2
(\W|^)neander(\W|$)	meander
((?:\W|^)[Nn])ecroticized(\W|$)	$1ecrotized$2
((?:\W|^)[Nn])eice(\W|$)	$1iece$2
((?:\W|^)[Nn])eurotransmiter(\W|$)	$1eurotransmitter$2
((?:\W|^)[Nn])eurotransmiters(\W|$)	$1eurotransmitters$2
((?:\W|^)[Nn])ickle(\W|$)	$1ickel$2
((?:\W|^)[Nn])idiculous(\W|$)	$1idicolous$2
((?:\W|^)[Nn])ineth(\W|$)	$1inth$2
((?:\W|^)[Nn])inethly(\W|$)	$1inthly$2
((?:\W|^)[Nn])injitsu(\W|$)	$1injutsu$2
((?:\W|^)[Nn])inteenth(\W|$)	$1ineteenth$2
((?:\W|^)[Nn])inty(\W|$)	$1inety$2
((?:\W|^)[Nn])itch(\W|$)	$1iche$2
((?:\W|^)[Nn])obel(\W|$)	$1oble$2
(\W|^)nock(\W|$)	knock
((?:\W|^)[Nn])omoxic(\W|$)	$1ormoxic$2
((?:\W|^)[Nn])on-existant(\W|$)	$1onexistent$2
((?:\W|^)[Nn])on-japanese(\W|$)	$1on-Japanese$2
((?:\W|^)[Nn])onclemature(\W|$)	$1omenclature$2
((?:\W|^)[Nn])oncomittally(\W|$)	$1oncommittally$2
((?:\W|^)[Nn])onoccurence(\W|$)	$1onoccurrence$2
((?:\W|^)[Nn])onwithstanding(\W|$)	$1otwithstanding$2
((?:\W|^)[Nn])ormocromic(\W|$)	$1ormochromic$2
((?:\W|^)[Nn])oteable(\W|$)	$1otable$2
((?:\W|^)[Nn])oticable(\W|$)	$1oticeable$2
((?:\W|^)[Nn])uptual(\W|$)	$1uptial$2
((?:\W|^)[Nn])yctemeral(\W|$)	$1ychthemeral$2
((?:\W|^)[Oo])bloquoy(\W|$)	$1bloquy$2
((?:\W|^)[Oo])bstrusive(\W|$)	$1btrusive$2
((?:\W|^)[Oo])ccassionally(\W|$)	$1ccasionally$2
((?:\W|^)[Oo])ccation(\W|$)	$1ccasion$2
((?:\W|^)[Oo])ccerence(\W|$)	$1ccurrence$2
((?:\W|^)[Oo])ccured(\W|$)	$1ccurred$2
((?:\W|^)[Oo])ccurence(\W|$)	$1ccurrence$2
((?:\W|^)[Oo])ccuring(\W|$)	$1ccur$2
((?:\W|^)[Oo])ctapus(\W|$)	$1ctopus$2
((?:\W|^)[Oo])ctaword(\W|$)	$1ctoword$2
(\W|^)octopic(\W|$)	ectopic
((?:\W|^)[Oo])dema(\W|$)	$1edema$2
((?:\W|^)[Oo])dourous(\W|$)	$1dorous$2
((?:\W|^)[Oo])dourously(\W|$)	$1dorously$2
((?:\W|^)[Oo])dourousness(\W|$)	$1dorousness$2
((?:\W|^)[Oo])enaphile(\W|$)	$1enophile$2
((?:\W|^)[Oo])ffical(\W|$)	$1fficial$2
((?:\W|^)[Oo])mmission(\W|$)	$1mission$2
((?:\W|^)[Oo])mniscent(\W|$)	$1mniscient$2
((?:\W|^)[Oo])mnivourous(\W|$)	$1mnivorous$2
(\W|^)ondulatory(\W|$)	undulatory
((?:\W|^)[Oo])nomatapoeia(\W|$)	$1nomatopoeia$2
((?:\W|^)[Oo])ogle(\W|$)	$1gle$2
((?:\W|^)[Oo])phthamology(\W|$)	$1phthalmology$2
((?:\W|^)[Oo])pposum(\W|$)	$1possum$2
((?:\W|^)[Oo])pps(\W|$)	$1ops$2
((?:\W|^)[Oo])ppurtunity(\W|$)	$1pportunity$2
((?:\W|^)[Oo])pthalmic(\W|$)	$1phthalmic$2
((?:\W|^)[Oo])pthalmologist(\W|$)	$1phthalmologist$2
((?:\W|^)[Oo])pthalmology(\W|$)	$1phthalmology$2
((?:\W|^)[Oo])pthalmoscope(\W|$)	$1phthalmoscope$2
((?:\W|^)[Oo])pthamology(\W|$)	$1phthalmology$2
((?:\W|^)[Oo])rganophosphorous(\W|$)	$1rganophosphorus$2
((?:\W|^)[Oo])rgasum(\W|$)	$1rgasm$2
((?:\W|^)[Oo])rnge(\W|$)	$1range$2
((?:\W|^)[Oo])rthodromical(\W|$)	$1rthodromic$2
((?:\W|^)[Oo])rtologue(\W|$)	$1rthologue$2
((?:\W|^)[Oo])smolite(\W|$)	$1smolyte$2
((?:\W|^)[Oo])stentious(\W|$)	$1stentatious$2
((?:\W|^)[Oo])strasize(\W|$)	$1stracize$2
((?:\W|^)[Oo])stricization(\W|$)	$1stracization$2
((?:\W|^)[Oo])stricize(\W|$)	$1stracize$2
((?:\W|^)[Oo])strisize(\W|$)	$1stracize$2
((?:\W|^)[Oo])uvre(\W|$)	$1euvre$2
((?:\W|^)[Oo])verweaning(\W|$)	$1verweening$2
((?:\W|^)[Pp])agenate(\W|$)	$1aginate$2
((?:\W|^)[Pp])ak(\W|$)	$1ack$2
((?:\W|^)[Pp])allette(\W|$)	$1alette$2
((?:\W|^)[Pp])almigranite(\W|$)	$1omegranate$2
((?:\W|^)[Pp])araletic(\W|$)	$1aralytic$2
((?:\W|^)[Pp])aramomycin(\W|$)	$1aromomycin$2
((?:\W|^)[Pp])arancingulate(\W|$)	$1aracingulate$2
((?:\W|^)[Pp])aranomasia(\W|$)	$1aronomasia$2
((?:\W|^)[Pp])arapohysis(\W|$)	$1araphysis$2
((?:\W|^)[Pp])arapophyseal(\W|$)	$1araphyseal$2
((?:\W|^)[Pp])arasyllabic(\W|$)	$1arisyllabic$2
((?:\W|^)[Pp])arasympathic(\W|$)	$1arasympathetic$2
((?:\W|^)[Pp])arology(\W|$)	$1aralogy$2
((?:\W|^)[Pp])athe(\W|$)	$1ave$2
((?:\W|^)[Pp])eacable(\W|$)	$1eaceable$2
((?:\W|^)[Pp])eacably(\W|$)	$1eaceably$2
((?:\W|^)[Pp])eak(\W|$)	$1ique$2
((?:\W|^)[Pp])eck(\W|$)	$1ec$2
((?:\W|^)[Pp])eek(\W|$)	$1ique$2
((?:\W|^)[Pp])eel(\W|$)	$1eal$2
((?:\W|^)[Pp])eenies(\W|$)	$1enes$2
((?:\W|^)[Pp])eleton(\W|$)	$1eloton$2
((?:\W|^)[Pp])elletted(\W|$)	$1elleted$2
((?:\W|^)[Pp])entabarbitone(\W|$)	$1entobarbitone$2
((?:\W|^)[Pp])ercieve(\W|$)	$1erceive$2
((?:\W|^)[Pp])ercieved(\W|$)	$1erceived$2
((?:\W|^)[Pp])ercieves(\W|$)	$1erceives$2
((?:\W|^)[Pp])ercieving(\W|$)	$1erceiving$2
((?:\W|^)[Pp])erjorative(\W|$)	$1ejorative$2
((?:\W|^)[Pp])ermissable(\W|$)	$1ermissible$2
((?:\W|^)[Pp])ermition(\W|$)	$1ermission$2
((?:\W|^)[Pp])ermitions(\W|$)	$1ermissions$2
((?:\W|^)[Pp])erogative(\W|$)	$1rerogative$2
((?:\W|^)[Pp])eroxysome(\W|$)	$1eroxisome$2
((?:\W|^)[Pp])erscription(\W|$)	$1rescription$2
((?:\W|^)[Pp])erserverance(\W|$)	$1erseverance$2
((?:\W|^)[Pp])erservere(\W|$)	$1ersevere$2
((?:\W|^)[Pp])ersistant(\W|$)	$1ersistent$2
((?:\W|^)[Pp])ersonifacation(\W|$)	$1ersonification$2
((?:\W|^)[Pp])erspecuity(\W|$)	$1erspicuity$2
((?:\W|^)[Pp])ersual(\W|$)	$1erusal$2
((?:\W|^)[Pp])ersual(\W|$)	$1ursual$2
((?:\W|^)[Pp])ersue(\W|$)	$1ursue$2
((?:\W|^)[Pp])ersued(\W|$)	$1ursued$2
((?:\W|^)[Pp])ertinant(\W|$)	$1ertinent$2
((?:\W|^)[Pp])h(\W|$)	$1H$2
((?:\W|^)[Pp])haroah(\W|$)	$1haraoh$2
(\W|^)phase(\W|$)	faze
((?:\W|^)[Pp])heonix(\W|$)	$1hoenix$2
((?:\W|^)[Pp])hosphoinoside(\W|$)	$1hosphoinositide$2
((?:\W|^)[Pp])hosphoplipid(\W|$)	$1hospholipid$2
((?:\W|^)[Pp])hosphoramidate(\W|$)	$1hosphoramidite$2
((?:\W|^)[Pp])hosphourous(\W|$)	$1hosphorous$2
((?:\W|^)[Pp])hygocyte(\W|$)	$1hagocyte$2
(\W|^)physible(\W|$)	feasible
((?:\W|^)[Pp])hysisorped(\W|$)	$1hysisorbed$2
((?:\W|^)[Pp])icaridine(\W|$)	$1icaridin$2
((?:\W|^)[Pp])ictoral(\W|$)	$1ictorial$2
((?:\W|^)[Pp])ictorally(\W|$)	$1ictorially$2
((?:\W|^)[Pp])imientoes(\W|$)	$1imiento$2
((?:\W|^)[Pp])incher(\W|$)	$1incer$2
((?:\W|^)[Pp])lack(\W|$)	$1laque$2
((?:\W|^)[Pp])lackard(\W|$)	$1lacard$2
((?:\W|^)[Pp])lacque(\W|$)	$1laque$2
((?:\W|^)[Pp])lagarism(\W|$)	$1lagiarism$2
((?:\W|^)[Pp])laigiarism(\W|$)	$1lagiarism$2
((?:\W|^)[Pp])lamid(\W|$)	$1lasmid$2
((?:\W|^)[Pp])lanetessimal(\W|$)	$1lanetesimal$2
((?:\W|^)[Pp])layright(\W|$)	$1laywright$2
((?:\W|^)[Pp])laywrite(\W|$)	$1laywright$2
((?:\W|^)[Pp])leiotrophic(\W|$)	$1leiotropic$2
((?:\W|^)[Pp])leotropic(\W|$)	$1leiotropic$2
((?:\W|^)[Pp])leuripotent(\W|$)	$1luripotent$2
((?:\W|^)[Pp])ocker(\W|$)	$1oker$2
((?:\W|^)[Pp])oinsetta(\W|$)	$1oinsettia$2
((?:\W|^)[Pp])oinsettas(\W|$)	$1oinsettias$2
((?:\W|^)[Pp])ointsettia(\W|$)	$1oinsettia$2
((?:\W|^)[Pp])ointsettias(\W|$)	$1oinsettias$2
((?:\W|^)[Pp])oka(\W|$)	$1olka$2
((?:\W|^)[Pp])olineuropathy(\W|$)	$1olyneuropathy$2
((?:\W|^)[Pp])olyacrilamide(\W|$)	$1olyacrylamide$2
((?:\W|^)[Pp])olyethylenimine(\W|$)	$1olyethyleneimine$2
((?:\W|^)[Pp])olyphene(\W|$)	$1olythene$2
((?:\W|^)[Pp])opcycle(\W|$)	$1opsicle$2
((?:\W|^)[Pp])ossesion(\W|$)	$1ossession$2
((?:\W|^)[Pp])ossesions(\W|$)	$1ossession$2
((?:\W|^)[Pp])ossibley(\W|$)	$1ossibly$2
((?:\W|^)[Pp])ossiblities(\W|$)	$1ossibilities$2
((?:\W|^)[Pp])otatoe(\W|$)	$1otato$2
((?:\W|^)[Pp])otatos(\W|$)	$1otatoes$2
((?:\W|^)[Pp])our(\W|$)	$1ore$2
((?:\W|^)[Pp])owerfull(\W|$)	$1owerful$2
((?:\W|^)[Pp])racticioner(\W|$)	$1ractitioner$2
((?:\W|^)[Pp])receed(\W|$)	$1recede$2
((?:\W|^)[Pp])redeliction(\W|$)	$1redilection$2
((?:\W|^)[Pp])reditor(\W|$)	$1redator$2
((?:\W|^)[Pp])reditor(\W|$)	$1redictor$2
((?:\W|^)[Pp])redjudice(\W|$)	$1rejudice$2
((?:\W|^)[Pp])redjudices(\W|$)	$1rejudices$2
((?:\W|^)[Pp])refered(\W|$)	$1referred$2
((?:\W|^)[Pp])refering(\W|$)	$1referring$2
((?:\W|^)[Pp])reform(\W|$)	$1erform$2
((?:\W|^)[Pp])renuptual(\W|$)	$1renuptial$2
((?:\W|^)[Pp])reponderence(\W|$)	$1reponderance$2
((?:\W|^)[Pp])reseeding(\W|$)	$1receding$2
((?:\W|^)[Pp])resumptious(\W|$)	$1resumptuous$2
((?:\W|^)[Pp])revalant(\W|$)	$1revalent$2
((?:\W|^)[Pp])ritty(\W|$)	$1retty$2
((?:\W|^)[Pp])robabley(\W|$)	$1robably$2
((?:\W|^)[Pp])rocede(\W|$)	$1roceed$2
((?:\W|^)[Pp])rogramatically(\W|$)	$1rogrammatically$2
((?:\W|^)[Pp])rogramed(\W|$)	$1rogrammed$2
((?:\W|^)[Pp])rograming(\W|$)	$1rogramming$2
((?:\W|^)[Pp])rolifigate(\W|$)	$1rofligate$2
((?:\W|^)[Pp])rolongued(\W|$)	$1rolonged$2
((?:\W|^)[Pp])ron(\W|$)	$1orn$2
((?:\W|^)[Pp])ronounciation(\W|$)	$1ronunciation$2
((?:\W|^)[Pp])roove(\W|$)	$1rove$2
((?:\W|^)[Pp])ropoganda(\W|$)	$1ropaganda$2
((?:\W|^)[Pp])ropogate(\W|$)	$1ropagate$2
((?:\W|^)[Pp])ropogated(\W|$)	$1ropagate$2
((?:\W|^)[Pp])ropogates(\W|$)	$1ropagate$2
((?:\W|^)[Pp])ropogating(\W|$)	$1ropagate$2
((?:\W|^)[Pp])roport(\W|$)	$1urport$2
((?:\W|^)[Pp])roscuitto(\W|$)	$1rosciutto$2
((?:\W|^)[Pp])rostetic(\W|$)	$1rosthetic$2
((?:\W|^)[Pp])rotectibility(\W|$)	$1rotectability$2
((?:\W|^)[Pp])roteinurea(\W|$)	$1roteinuria$2
((?:\W|^)[Pp])roteosomal(\W|$)	$1roteasomal$2
((?:\W|^)[Pp])rotruberance(\W|$)	$1rotuberance$2
((?:\W|^)[Pp])suedo(\W|$)	$1seudo$2
((?:\W|^)[Pp])suedo-(\W|$)	$1seudo-$2
((?:\W|^)[Pp])urgery(\W|$)	$1erjury$2
((?:\W|^)[Pp])urile(\W|$)	$1uerile$2
((?:\W|^)[Pp])usilanimous(\W|$)	$1usillanimous$2
((?:\W|^)[Pp])yrolitic(\W|$)	$1yrolytic$2
((?:\W|^)[Pp])yrollidine(\W|$)	$1yrrolidine$2
((?:\W|^)[Qq])uadropole(\W|$)	$1uadrupole$2
(\W|^)quaff(\W|$)	coif
((?:\W|^)[Qq])uandry(\W|$)	$1uandary$2
(\W|^)que(\W|$)	cue
((?:\W|^)[Qq])uickley(\W|$)	$1uickly$2
((?:\W|^)[Qq])uiesence(\W|$)	$1uiescence$2
((?:\W|^)[Qq])uinquenium(\W|$)	$1uinquennium$2
((?:\W|^)[Rr])adioes(\W|$)	$1adios$2
((?:\W|^)[Rr])adiomeric(\W|$)	$1adiometric$2
((?:\W|^)[Rr])amnification(\W|$)	$1amification$2
((?:\W|^)[Rr])apamycine(\W|$)	$1apamycin$2
((?:\W|^)[Rr])approachment(\W|$)	$1approchement$2
((?:\W|^)[Rr])aquet(\W|$)	$1acquet$2
((?:\W|^)[Rr])aquetball(\W|$)	$1acquetball$2
((?:\W|^)[Rr])arley(\W|$)	$1arely$2
((?:\W|^)[Rr])asberry(\W|$)	$1aspberry$2
((?:\W|^)[Rr])e-activate(\W|$)	$1eactivate$2
((?:\W|^)[Rr])eadibility(\W|$)	$1eadability$2
((?:\W|^)[Rr])eagant(\W|$)	$1eagent$2
((?:\W|^)[Rr])eagants(\W|$)	$1eagant$2
((?:\W|^)[Rr])ealley(\W|$)	$1eally$2
((?:\W|^)[Rr])ebble(\W|$)	$1ebel$2
((?:\W|^)[Rr])eceed(\W|$)	$1ecede$2
((?:\W|^)[Rr])ecicle(\W|$)	$1ecycle$2
((?:\W|^)[Rr])ecieve(\W|$)	$1eceive$2
((?:\W|^)[Rr])ecind(\W|$)	$1escind$2
((?:\W|^)[Rr])eclineable(\W|$)	$1eclinable$2
((?:\W|^)[Rr])ecompenced(\W|$)	$1ecompensed$2
((?:\W|^)[Rr])ecompences(\W|$)	$1ecompenses$2
((?:\W|^)[Rr])ecompencing(\W|$)	$1ecompensing$2
((?:\W|^)[Rr])econaissance(\W|$)	$1econnaissance$2
((?:\W|^)[Rr])econnaisance(\W|$)	$1econnaissance$2
((?:\W|^)[Rr])econoiter(\W|$)	$1econnoiter$2
((?:\W|^)[Rr])efered(\W|$)	$1eferred$2
((?:\W|^)[Rr])eferer(\W|$)	$1eferrer$2
((?:\W|^)[Rr])eferers(\W|$)	$1eferer$2
((?:\W|^)[Rr])efering(\W|$)	$1eferring$2
((?:\W|^)[Rr])eflecter(\W|$)	$1eflector$2
((?:\W|^)[Rr])efridgerator(\W|$)	$1efrigerator$2
((?:\W|^)[Rr])eigning-in(\W|$)	$1eining-in$2
((?:\W|^)[Rr])eintering(\W|$)	$1einterring$2
((?:\W|^)[Rr])ejuvinate(\W|$)	$1ejuvenate$2
((?:\W|^)[Rr])eknown(\W|$)	$1enown$2
((?:\W|^)[Rr])eknowned(\W|$)	$1enowned$2
((?:\W|^)[Rr])elevent(\W|$)	$1elevant$2
((?:\W|^)[Rr])eligated(\W|$)	$1elegated$2
((?:\W|^)[Rr])emeber(\W|$)	$1emember$2
((?:\W|^)[Rr])ememberance(\W|$)	$1emembrance$2
((?:\W|^)[Rr])emenance(\W|$)	$1emanence$2
((?:\W|^)[Rr])endevous(\W|$)	$1endezvous$2
((?:\W|^)[Rr])enig(\W|$)	$1enege$2
((?:\W|^)[Rr])enumeration(\W|$)	$1emuneration$2
((?:\W|^)[Rr])eoccured(\W|$)	$1eoccurred$2
((?:\W|^)[Rr])eoccuring(\W|$)	$1eoccurring$2
((?:\W|^)[Rr])epecharge(\W|$)	$1epechage$2
((?:\W|^)[Rr])epellor(\W|$)	$1epeller$2
((?:\W|^)[Rr])epercharge(\W|$)	$1epechage$2
((?:\W|^)[Rr])epetetive(\W|$)	$1epetitive$2
((?:\W|^)[Rr])eplacable(\W|$)	$1eplaceable$2
((?:\W|^)[Rr])epoire(\W|$)	$1apport$2
((?:\W|^)[Rr])eproducability(\W|$)	$1eproducibility$2
((?:\W|^)[Rr])eqest(\W|$)	$1equest$2
((?:\W|^)[Rr])esel(\W|$)	$1esell$2
((?:\W|^)[Rr])esemblence(\W|$)	$1esemblance$2
((?:\W|^)[Rr])esevoir(\W|$)	$1eservoir$2
((?:\W|^)[Rr])esiliant(\W|$)	$1esilient$2
((?:\W|^)[Rr])esistent(\W|$)	$1esistant$2
((?:\W|^)[Rr])esplendid(\W|$)	$1esplendent$2
((?:\W|^)[Rr])esponsability(\W|$)	$1esponsibility$2
((?:\W|^)[Rr])esponsable(\W|$)	$1esponsible$2
((?:\W|^)[Rr])etarted(\W|$)	$1etarded$2
(\W|^)revenged(\W|$)	avenged
((?:\W|^)[Rr])hetoritician(\W|$)	$1hetorician$2
((?:\W|^)[Rr])hinocerus(\W|$)	$1hinoceros$2
((?:\W|^)[Rr])ijstaffel(\W|$)	$1ijsttafel$2
((?:\W|^)[Rr])isable(\W|$)	$1isible$2
((?:\W|^)[Rr])isk-adverse(\W|$)	$1isk-averse$2
((?:\W|^)[Rr])ittle(\W|$)	$1iddle$2
((?:\W|^)[Rr])ollerboard(\W|$)	$1ollaboard$2
((?:\W|^)[Rr])omanji(\W|$)	$1omaji$2
(\W|^)rong(\W|$)	wrong
((?:\W|^)[Rr])oomate(\W|$)	$1oommate$2
((?:\W|^)[Rr])oute(\W|$)	$1oot$2
((?:\W|^)[Ss])acreligious(\W|$)	$1acrilegious$2
((?:\W|^)[Ss])alvoes(\W|$)	$1alvo$2
((?:\W|^)[Ss])amoleon(\W|$)	$1imoleon$2
((?:\W|^)[Ss])amonella(\W|$)	$1almonella$2
((?:\W|^)[Ss])auder(\W|$)	$1older$2
((?:\W|^)[Ss])auter(\W|$)	$1older$2
((?:\W|^)[Ss])avaloy(\W|$)	$1aveloy$2
((?:\W|^)[Ss])avaloys(\W|$)	$1aveloys$2
((?:\W|^)[Ss])capulacoracoid(\W|$)	$1capulocoracoid$2
((?:\W|^)[Ss])cough(\W|$)	$1coff$2
(\W|^)scrutoire(\W|$)	escritoire
((?:\W|^)[Ss])easonability(\W|$)	$1easonality$2
((?:\W|^)[Ss])eceed(\W|$)	$1ecede$2
((?:\W|^)[Ss])eeked(\W|$)	$1ought$2
((?:\W|^)[Ss])egement(\W|$)	$1egment$2
((?:\W|^)[Ss])egemented(\W|$)	$1egmented$2
((?:\W|^)[Ss])egements(\W|$)	$1egments$2
((?:\W|^)[Ss])egueway(\W|$)	$1egue$2
((?:\W|^)[Ss])eguing(\W|$)	$1egueing$2
((?:\W|^)[Ss])egway(\W|$)	$1egue$2
((?:\W|^)[Ss])eige(\W|$)	$1iege$2
((?:\W|^)[Ss])eiges(\W|$)	$1ieges$2
((?:\W|^)[Ss])emoleon(\W|$)	$1imoleon$2
((?:\W|^)[Ss])ence(\W|$)	$1ense$2
((?:\W|^)[Ss])ensable(\W|$)	$1ensible$2
((?:\W|^)[Ss])eperate(\W|$)	$1eparate$2
((?:\W|^)[Ss])eperately(\W|$)	$1eparately$2
((?:\W|^)[Ss])eperation(\W|$)	$1eparation$2
((?:\W|^)[Ss])epulcheral(\W|$)	$1epulchral$2
((?:\W|^)[Ss])equal(\W|$)	$1equel$2
((?:\W|^)[Ss])erated(\W|$)	$1errated$2
((?:\W|^)[Ss])eretonergic(\W|$)	$1erotonergic$2
((?:\W|^)[Ss])eriatum(\W|$)	$1eriatim$2
((?:\W|^)[Ss])eriousley(\W|$)	$1eriously$2
((?:\W|^)[Ss])ervicable(\W|$)	$1erviceable$2
((?:\W|^)[Ss])ewerage(\W|$)	$1ewage$2
((?:\W|^)[Ss])extagenarian(\W|$)	$1exagenarian$2
((?:\W|^)[Ss])exyer(\W|$)	$1exier$2
((?:\W|^)[Ss])hear(\W|$)	$1heer$2
((?:\W|^)[Ss])heild(\W|$)	$1hield$2
((?:\W|^)[Ss])helele(\W|$)	$1hillelagh$2
((?:\W|^)[Ss])hepard(\W|$)	$1hepherd$2
((?:\W|^)[Ss])hiesty(\W|$)	$1heisty$2
(\W|^)shitizen(\W|$)	citizen
((?:\W|^)[Ss])hoe-in(\W|$)	$1hoo-in$2
((?:\W|^)[Ss])hooger(\W|$)	$1ugar$2
((?:\W|^)[Ss])howyness(\W|$)	$1howiness$2
((?:\W|^)[Ss])ide-affect(\W|$)	$1ide-effect$2
((?:\W|^)[Ss])ieze(\W|$)	$1eize$2
((?:\W|^)[Ss])iezed(\W|$)	$1eized$2
((?:\W|^)[Ss])iezes(\W|$)	$1eizes$2
((?:\W|^)[Ss])iezing(\W|$)	$1eizing$2
((?:\W|^)[Ss])ilyated(\W|$)	$1ilylated$2
((?:\W|^)[Ss])ilyation(\W|$)	$1ilylation$2
((?:\W|^)[Ss])imiliar(\W|$)	$1imilar$2
((?:\W|^)[Ss])implectic(\W|$)	$1ymplectic$2
((?:\W|^)[Ss])imulative(\W|$)	$1timulative$2
((?:\W|^)[Ss])ister-in-laws(\W|$)	$1ister-in-law$2
((?:\W|^)[Ss])ite-effect(\W|$)	$1ide-effect$2
(\W|^)siting(\W|$)	citing
((?:\W|^)[Ss])iting(\W|$)	$1itting$2
((?:\W|^)[Ss])kadaddle(\W|$)	$1kedaddle$2
((?:\W|^)[Ss])kiddish(\W|$)	$1kittish$2
((?:\W|^)[Ss])kiis(\W|$)	$1ki$2
((?:\W|^)[Ss])kool(\W|$)	$1chool$2
((?:\W|^)[Ss])lightley(\W|$)	$1lightly$2
((?:\W|^)[Ss])limey(\W|$)	$1limy$2
((?:\W|^)[Ss])lowley(\W|$)	$1lowly$2
((?:\W|^)[Ss])oftmore(\W|$)	$1ophomore$2
((?:\W|^)[Ss])olenaceous(\W|$)	$1olanaceous$2
((?:\W|^)[Ss])omdomite(\W|$)	$1odomite$2
((?:\W|^)[Ss])orceror(\W|$)	$1orcerer$2
((?:\W|^)[Ss])pamvertize(\W|$)	$1pamvertise$2
((?:\W|^)[Ss])pazm(\W|$)	$1pasm$2
((?:\W|^)[Ss])pecifity(\W|$)	$1pecificity$2
((?:\W|^)[Ss])pecteral(\W|$)	$1pectral$2
((?:\W|^)[Ss])plendourous(\W|$)	$1plendorous$2
((?:\W|^)[Ss])poak(\W|$)	$1poke$2
((?:\W|^)[Ss])pontanous(\W|$)	$1pontaneous$2
((?:\W|^)[Ss])praint(\W|$)	$1prained$2
((?:\W|^)[Ss])purlge(\W|$)	$1plurge$2
((?:\W|^)[Ss])quewiff(\W|$)	$1kew-whiff$2
((?:\W|^)[Ss])quishyness(\W|$)	$1quishiness$2
((?:\W|^)[Ss])tarbird(\W|$)	$1tarboard$2
((?:\W|^)[Ss])tatchitory(\W|$)	$1tatutory$2
((?:\W|^)[Ss])tationary(\W|$)	$1tationery$2
((?:\W|^)[Ss])tationery(\W|$)	$1tationary$2
((?:\W|^)[Ss])tedily(\W|$)	$1teadily$2
((?:\W|^)[Ss])tedy(\W|$)	$1teady$2
((?:\W|^)[Ss])tint(\W|$)	$1tent$2
((?:\W|^)[Ss])toicly(\W|$)	$1toically$2
((?:\W|^)[Ss])tomache(\W|$)	$1tomach$2
((?:\W|^)[Ss])tomache(\W|$)	$1tomachache$2
((?:\W|^)[Ss])traight-jacket(\W|$)	$1traitjacket$2
((?:\W|^)[Ss])traightjacket(\W|$)	$1traitjacket$2
((?:\W|^)[Ss])traiten(\W|$)	$1traighten$2
((?:\W|^)[Ss])traped(\W|$)	$1trapped$2
((?:\W|^)[Ss])traping(\W|$)	$1trapping$2
((?:\W|^)[Ss])trategem(\W|$)	$1tratagem$2
((?:\W|^)[Ss])trech(\W|$)	$1tretch$2
((?:\W|^)[Ss])treighten(\W|$)	$1traighten$2
((?:\W|^)[Ss])treighten(\W|$)	$1traiten$2
((?:\W|^)[Ss])tudder(\W|$)	$1tutter$2
((?:\W|^)[Ss])ubordinancy(\W|$)	$1ubordinacy$2
((?:\W|^)[Ss])ubperiostial(\W|$)	$1ubperiosteal$2
((?:\W|^)[Ss])ubstractive(\W|$)	$1ubtractive$2
((?:\W|^)[Ss])uccint(\W|$)	$1uccinct$2
((?:\W|^)[Ss])uddent(\W|$)	$1udden$2
((?:\W|^)[Ss])uddently(\W|$)	$1uddenly$2
((?:\W|^)[Ss])ulfer(\W|$)	$1ulfur$2
((?:\W|^)[Ss])upercede(\W|$)	$1upersede$2
((?:\W|^)[Ss])uperceded(\W|$)	$1uperseded$2
((?:\W|^)[Ss])upercedes(\W|$)	$1upersedes$2
((?:\W|^)[Ss])uperceding(\W|$)	$1uperseding$2
((?:\W|^)[Ss])uperceed(\W|$)	$1upersede$2
((?:\W|^)[Ss])uperintendant(\W|$)	$1uperintendent$2
((?:\W|^)[Ss])uperseed(\W|$)	$1upersede$2
((?:\W|^)[Ss])upretemporal(\W|$)	$1upratemporal$2
((?:\W|^)[Ss])uprise(\W|$)	$1urprise$2
((?:\W|^)[Ss])uprised(\W|$)	$1urprised$2
((?:\W|^)[Ss])uprisingly(\W|$)	$1urprisingly$2
((?:\W|^)[Ss])uscribe(\W|$)	$1ubscribe$2
((?:\W|^)[Ss])ussuration(\W|$)	$1usurration$2
((?:\W|^)[Ss])ussurations(\W|$)	$1usurrations$2
((?:\W|^)[Ss])yke(\W|$)	$1ike$2
(\W|^)syke(\W|$)	psych
((?:\W|^)[Ss])ympatico(\W|$)	$1impatico$2
((?:\W|^)[Ss])ynantropic(\W|$)	$1ynanthropic$2
((?:\W|^)[Ss])yncronise(\W|$)	$1ynchronise$2
(\W|^)'is(\W|$)	'([Tt])is
(\W|^)'was(\W|$)	'([Tt])was
((?:\W|^)[Tt])abacco(\W|$)	$1obacco$2
((?:\W|^)[Tt])abaccos(\W|$)	$1obaccos$2
((?:\W|^)[Tt])achymetre(\W|$)	$1achymeter$2
((?:\W|^)[Tt])amborine(\W|$)	$1ambourine$2
((?:\W|^)[Tt])angientially(\W|$)	$1angentially$2
((?:\W|^)[Tt])argetted(\W|$)	$1argeted$2
((?:\W|^)[Tt])argetting(\W|$)	$1argeting$2
((?:\W|^)[Tt])arp(\W|$)	$1rap$2
((?:\W|^)[Tt])ash(\W|$)	$1ache$2
((?:\W|^)[Tt])assled(\W|$)	$1asseled$2
((?:\W|^)[Tt])attletaling(\W|$)	$1attling$2
((?:\W|^)[Tt])eam(\W|$)	$1eem$2
((?:\W|^)[Tt])eh(\W|$)	$1he$2
((?:\W|^)[Tt])elefone(\W|$)	$1elephone$2
((?:\W|^)[Tt])eleopeptide(\W|$)	$1elopeptide$2
((?:\W|^)[Tt])emperment(\W|$)	$1emperament$2
((?:\W|^)[Tt])empory(\W|$)	$1emporary$2
((?:\W|^)[Tt])endancies(\W|$)	$1endencies$2
((?:\W|^)[Tt])endancy(\W|$)	$1endency$2
((?:\W|^)[Tt])endencious(\W|$)	$1endentious$2
((?:\W|^)[Tt])eninucellate(\W|$)	$1enuinucellate$2
((?:\W|^)[Tt])enous(\W|$)	$1enuous$2
((?:\W|^)[Tt])errawatts(\W|$)	$1erawatts$2
((?:\W|^)[Tt])errestial(\W|$)	$1errestrial$2
((?:\W|^)[Tt])erribley(\W|$)	$1erribly$2
((?:\W|^)[Tt])esties(\W|$)	$1estes$2
((?:\W|^)[Tt])hantophobia(\W|$)	$1hanatophobia$2
((?:\W|^)[Tt])heaterical(\W|$)	$1heatrical$2
((?:\W|^)[Tt])heif(\W|$)	$1hief$2
((?:\W|^)[Tt])hemselfs(\W|$)	$1hemselves$2
((?:\W|^)[Tt])heratoma(\W|$)	$1eratoma$2
((?:\W|^)[Tt])hesaurusi(\W|$)	$1hesaurus$2
((?:\W|^)[Tt])hier(\W|$)	$1heir$2
((?:\W|^)[Tt])hourogh(\W|$)	$1horough$2
((?:\W|^)[Tt])hourough(\W|$)	$1horough$2
((?:\W|^)[Tt])hreshhold(\W|$)	$1hreshold$2
((?:\W|^)[Tt])hreshholds(\W|$)	$1hresholds$2
((?:\W|^)[Tt])hriftyness(\W|$)	$1hriftiness$2
((?:\W|^)[Tt])hroughfare(\W|$)	$1horoughfare$2
((?:\W|^)[Tt])hrow(\W|$)	$1hroe$2
((?:\W|^)[Tt])ightley(\W|$)	$1ightly$2
((?:\W|^)[Tt])ilda(\W|$)	$1ilde$2
((?:\W|^)[Tt])innitis(\W|$)	$1innitus$2
((?:\W|^)[Tt])omatos(\W|$)	$1omatoes$2
((?:\W|^)[Tt])oponomist(\W|$)	$1oponymist$2
((?:\W|^)[Tt])orroid(\W|$)	$1oroid$2
((?:\W|^)[Tt])orsoes(\W|$)	$1orsos$2
((?:\W|^)[Tt])otalley(\W|$)	$1otally$2
((?:\W|^)[Tt])ounge(\W|$)	$1ongue$2
((?:\W|^)[Tt])oxilogy(\W|$)	$1oxicology$2
((?:\W|^)[Tt])oxology(\W|$)	$1oxicology$2
((?:\W|^)[Tt])pyo(\W|$)	$1ypo$2
((?:\W|^)[Tt])racable(\W|$)	$1raceable$2
((?:\W|^)[Tt])ranfected(\W|$)	$1ransfected$2
((?:\W|^)[Tt])ranscriptionnally(\W|$)	$1ranscriptionally$2
((?:\W|^)[Tt])ransfered(\W|$)	$1ransferred$2
((?:\W|^)[Tt])ransmissable(\W|$)	$1ransmissible$2
((?:\W|^)[Tt])ranssubstantiation(\W|$)	$1ransubstantiation$2
((?:\W|^)[Tt])reck(\W|$)	$1rek$2
((?:\W|^)[Tt])relice(\W|$)	$1rellis$2
((?:\W|^)[Tt])ricadecaphobia(\W|$)	$1riskaidekaphobia$2
((?:\W|^)[Tt])ryptich(\W|$)	$1riptych$2
((?:\W|^)[Tt])rytophan(\W|$)	$1ryptophan$2
((?:\W|^)[Tt])umeric(\W|$)	$1urmeric$2
((?:\W|^)[Tt])umultuos(\W|$)	$1umultuous$2
(\W|^)was(\W|$)	'([Tt])was
((?:\W|^)[Tt])week(\W|$)	$1weak$2
((?:\W|^)[Tt])weeker(\W|$)	$1weaker$2
((?:\W|^)[Tt])welth(\W|$)	$1welfth$2
((?:\W|^)[Uu])biquetous(\W|$)	$1bique$2
((?:\W|^)[Uu])biquitious(\W|$)	$1biquitous$2
((?:\W|^)[Uu])mbridge(\W|$)	$1mbrage$2
((?:\W|^)[Uu])ncertainity(\W|$)	$1ncertainty$2
(\W|^)uncorruptable(\W|$)	incorruptible
(\W|^)uncorruptible(\W|$)	incorruptible
((?:\W|^)[Uu])nderlied(\W|$)	$1nderlay$2
((?:\W|^)[Uu])nderlied(\W|$)	$1nderlain$2
((?:\W|^)[Uu])nderware(\W|$)	$1nderwear$2
(\W|^)undisputable(\W|$)	indisputable
((?:\W|^)[Uu])ndo(\W|$)	$1ndue$2
((?:\W|^)[Uu])nforgiveable(\W|$)	$1nforgivable$2
((?:\W|^)[Uu])nforseen(\W|$)	$1nforeseen$2
((?:\W|^)[Uu])ni-directional(\W|$)	$1nidirectional$2
((?:\W|^)[Uu])nobstrusive(\W|$)	$1nobtrusive$2
((?:\W|^)[Uu])nphased(\W|$)	$1nfazed$2
((?:\W|^)[Uu])npronouncable(\W|$)	$1npronounceable$2
((?:\W|^)[Uu])ntracable(\W|$)	$1ntraceable$2
((?:\W|^)[Uu])pcomming(\W|$)	$1pcoming$2
((?:\W|^)[Uu])pmost(\W|$)	$1tmost$2
((?:\W|^)[Uu])seage(\W|$)	$1sage$2
((?:\W|^)[Uu])seages(\W|$)	$1seage$2
((?:\W|^)[Uu])sefull(\W|$)	$1seful$2
((?:\W|^)[Vv])acinity(\W|$)	$1icinity$2
((?:\W|^)[Vv])acume(\W|$)	$1acuum$2
((?:\W|^)[Vv])andal(\W|$)	$1andalize$2
((?:\W|^)[Vv])andals(\W|$)	$1andalizes$2
((?:\W|^)[Vv])apourise(\W|$)	$1aporise$2
((?:\W|^)[Vv])arient(\W|$)	$1ariant$2
((?:\W|^)[Vv])asulitis(\W|$)	$1asculitis$2
((?:\W|^)[Vv])erbage(\W|$)	$1erbiage$2
((?:\W|^)[Vv])ictrolla(\W|$)	$1ictrola$2
((?:\W|^)[Vv])ideoes(\W|$)	$1ideos$2
((?:\W|^)[Vv])illany(\W|$)	$1illainy$2
((?:\W|^)[Vv])illian(\W|$)	$1illain$2
((?:\W|^)[Vv])illified(\W|$)	$1ilified$2
((?:\W|^)[Vv])illify(\W|$)	$1ilify$2
((?:\W|^)[Vv])irial(\W|$)	$1iral$2
((?:\W|^)[Vv])iron(\W|$)	$1irion$2
((?:\W|^)[Vv])olitile(\W|$)	$1olatile$2
((?:\W|^)[Vv])unerable(\W|$)	$1ulnerable$2
((?:\W|^)[Ww])ain(\W|$)	$1ane$2
((?:\W|^)[Ww])aiver(\W|$)	$1aver$2
((?:\W|^)[Ww])aivered(\W|$)	$1avered$2
((?:\W|^)[Ww])an't(\W|$)	$1ant$2
((?:\W|^)[Ww])an't(\W|$)	$1on't$2
((?:\W|^)[Ww])ar-monger(\W|$)	$1armonger$2
((?:\W|^)[Ww])armongerer(\W|$)	$1armonger$2
(\W|^)washdisher(\W|$)	dishwasher
((?:\W|^)[Ww])asint(\W|$)	$1asn't$2
((?:\W|^)[Ww])easal(\W|$)	$1easel$2
((?:\W|^)[Ww])eedle(\W|$)	$1heedle$2
((?:\W|^)[Ww])een(\W|$)	$1ean$2
((?:\W|^)[Ww])eighth(\W|$)	$1eight$2
((?:\W|^)[Ww])einer(\W|$)	$1iener$2
((?:\W|^)[Ww])et(\W|$)	$1het$2
((?:\W|^)[Ww])herewithall(\W|$)	$1herewithal$2
(\W|^)wholism(\W|$)	holism
((?:\W|^)[Ww])icklow(\W|$)	$1hitlow$2
((?:\W|^)[Ww])ierd(\W|$)	$1eird$2
((?:\W|^)[Ww])ierdly(\W|$)	$1eirdly$2
((?:\W|^)[Ww])imper(\W|$)	$1himper$2
((?:\W|^)[Ww])ithdrawl(\W|$)	$1ithdrawal$2
((?:\W|^)[Ww])ittle(\W|$)	$1hittle$2
((?:\W|^)[Ww])oah(\W|$)	$1hoa$2
((?:\W|^)[Ww])olfs(\W|$)	$1olves$2
((?:\W|^)[Ww])oops(\W|$)	$1hoops$2
((?:\W|^)[Ww])orkoholic(\W|$)	$1orkaholic$2
((?:\W|^)[Ww])orkoholics(\W|$)	$1orkaholics$2
((?:\W|^)[Ww])rangle(\W|$)	$1angle$2
(\W|^)wrapped(\W|$)	rapt
(\W|^)wrapt(\W|$)	rapt
((?:\W|^)[Ww])rapt(\W|$)	$1rapped$2
(\W|^)wreckless(\W|$)	reckless
((?:\W|^)[Ww])right(\W|$)	$1rite$2
((?:\W|^)[Xx])antusid(\W|$)	$1antusiid$2
((?:\W|^)[Yy])atch(\W|$)	$1acht$2
((?:\W|^)[Yy])ea(\W|$)	$1ay$2
((?:\W|^)[Yy])eild(\W|$)	$1ield$2
((?:\W|^)[Yy])elow(\W|$)	$1ellow$2
((?:\W|^)[Yy])oke(\W|$)	$1olk$2
((?:\W|^)[Zz])eebra(\W|$)	$1ebra$2
((?:\W|^)[Zz])etabyte(\W|$)	$1ettabyte$2
((?:\W|^)[Zz])iphid(\W|$)	$1iphiid$2
(\W|^)zylonite(\W|$)	xylonite
