(\W|^)Alsatian(\W|$)	$1Alsation$2
(\W|^)America(\W|$)	$1Amercia$2
(\W|^)Archaea(\W|$)	$1Archea$2
(\W|^)Asperger's(\W|$)	$1Asberger's$2
(\W|^)Australia(\W|$)	$1Austrailia$2
(\W|^)Blu-ray(\W|$)	$1BluRay$2
(\W|^)Brahmanism(\W|$)	$1Brahmenism$2
(\W|^)Canada(\W|$)	$1Canadia$2
(\W|^)Caribbean(\W|$)	$1Carribean$2
(\W|^)Colombian(\W|$)	$1Columbian$2
(\W|^)Croatian(\W|$)	$1Croation$2
(\W|^)Dalmatian(\W|$)	$1Dalmation$2
(\W|^)Esperanto(\W|$)	$1Esparanto$2
(\W|^)Florodora(\W|$)	$1Floradora$2
(\W|^)Gliese(\W|$)	$1G1$2
(\W|^)Gliese(\W|$)	$1GI$2
(\W|^)Gliese(\W|$)	$1GL$2
(\W|^)Gandhi(\W|$)	$1Ghandi$2
(\W|^)Guardian(\W|$)	$1Grauniad$2
(\W|^)Hatshepsut(\W|$)	$1Hatshetsup$2
(\W|^)Immelmann(\W|$)	$1Immelman$2
(\W|^)Israeli(\W|$)	$1Isreali$2
(\W|^)Kurdistan(\W|$)	$1Kurdestan$2
(\W|^)MDPV(\W|$)	$1MDVP$2
(\W|^)Magdalene(\W|$)	$1Madalene$2
(\W|^)mascarpone(\W|$)	$1Marscapone$2
(\W|^)MediaWiki(\W|$)	$1Mediawiki$2
(\W|^)Ottawan(\W|$)	$1Ottowan$2
(\W|^)Paris(\W|$)	$1Paree$2
(\W|^)Philippines(\W|$)	$1Phillipines$2
(\W|^)PlayStation(\W|$)	$1Playstation$2
(\W|^)Plexiglas(\W|$)	$1Plexiglass$2
(\W|^)Pollyanna(\W|$)	$1Polyanna$2
(\W|^)Portuguese(\W|$)	$1Portugese$2
(\W|^)Portugal(\W|$)	$1Portugual$2
(\W|^)Psilotophyta(\W|$)	$1Psilophyta$2
(\W|^)Pyrrhic(\W|$)	$1Pyhrric$2
(\W|^)Qur'an(\W|$)	$1Qu'ran$2
(\W|^)Qantas(\W|$)	$1Quantas$2
(\W|^)Revelation(\W|$)	$1Revelations$2
(\W|^)Sudovian(\W|$)	$1Subdovian$2
(\W|^)Superbowl(\W|$)	$1Superbowel$2
(\W|^)Switzerland(\W|$)	$1Switserland$2
(\W|^)Tallinn(\W|$)	$1Tallin$2
(\W|^)Teesside(\W|$)	$1Teeside$2
(\W|^)Teletubby(\W|$)	$1Tellytubby$2
(\W|^)Tolkien(\W|$)	$1Tolkein$2
(\W|^)UTF-8(\W|$)	$1UTF8$2
(\W|^)Ukrainian(\W|$)	$1Ukranian$2
(\W|^)Wookiee(\W|$)	$1Wookie$2
(\W|^)Xbox(\W|$)	$1X-box$2
(\W|^)Xboxes(\W|$)	$1X-boxes$2
(\W|^)Xbox(\W|$)	$1XBox$2
(\W|^)Sian(\W|$)	$1Xian$2
(\W|^)Yemenite(\W|$)	$1Yementite$2
(\W|^)bycoket(\W|$)	$1abacot$2
((?:\W|^)[Aa])breuvoir(\W|$)	$1bbreuvoir$2
((?:\W|^)[Aa])bhorred(\W|$)	$1bhored$2
((?:\W|^)[Aa])bhorring(\W|$)	$1bhoring$2
((?:\W|^)[Aa])rbitrary(\W|$)	$1bitrary$2
(\W|^)obnoxious(\W|$)	$1abnoxious$2
((?:\W|^)[Aa])rboricultural(\W|$)	$1boricultural$2
((?:\W|^)[Aa])rboriculturist(\W|$)	$1boriculturist$2
((?:\W|^)[Aa])rboriculturist(\W|$)	$1boriculturists$2
((?:\W|^)[Aa])borigine(\W|$)	$1boriginie$2
((?:\W|^)[Aa])bortion(\W|$)	$1bortation$2
((?:\W|^)[Aa])brasion(\W|$)	$1bration$2
((?:\W|^)[Aa])bseil(\W|$)	$1bsail$2
((?:\W|^)[Aa])bseiling(\W|$)	$1bsailing$2
((?:\W|^)[Aa])bstentious(\W|$)	$1bsteinous$2
((?:\W|^)[Aa])bstention(\W|$)	$1bstenance$2
((?:\W|^)[Aa])bstentious(\W|$)	$1bstenious$2
((?:\W|^)[Aa])ccessibility(\W|$)	$1ccessability$2
((?:\W|^)[Aa])ccessible(\W|$)	$1ccessable$2
(\W|^)excessive(\W|$)	$1accessive$2
(\W|^)excessively(\W|$)	$1accessively$2
((?:\W|^)[Aa])cclimate(\W|$)	$1cclamate$2
((?:\W|^)[Aa])ccommodate(\W|$)	$1ccomodate$2
((?:\W|^)[Aa])ccommodating(\W|$)	$1ccomodating$2
((?:\W|^)[Aa])ccommodation(\W|$)	$1ccomodation$2
((?:\W|^)[Aa])ccommodator(\W|$)	$1ccomodator$2
((?:\W|^)[Aa])ccordion(\W|$)	$1ccordian$2
((?:\W|^)[Aa])cetaminophen(\W|$)	$1cetominophen$2
((?:\W|^)[Aa])cknowledge(\W|$)	$1cknowelege$2
((?:\W|^)[Aa])ccount(\W|$)	$1count$2
((?:\W|^)[Aa])coustically(\W|$)	$1cousticly$2
((?:\W|^)[Aa])ccrue(\W|$)	$1crue$2
((?:\W|^)[Aa])damant(\W|$)	$1dament$2
((?:\W|^)[Aa])damantly(\W|$)	$1damently$2
((?:\W|^)[Aa])dduceable(\W|$)	$1dducable$2
((?:\W|^)[Aa])dhesin(\W|$)	$1dhesine$2
((?:\W|^)[Aa])dministration(\W|$)	$1dministeration$2
((?:\W|^)[Aa])ldolase(\W|$)	$1dolase$2
((?:\W|^)[Aa])driamycin(\W|$)	$1dryamicin$2
((?:\W|^)[Aa])dultery(\W|$)	$1dultry$2
((?:\W|^)[Aa])dvanceable(\W|$)	$1dvancable$2
((?:\W|^)[Aa])erobraking(\W|$)	$1erobreaking$2
((?:\W|^)[Aa])ffidavit(\W|$)	$1ffadavit$2
((?:\W|^)[Aa])ffidavits(\W|$)	$1ffadavits$2
((?:\W|^)[Aa])ficionado(\W|$)	$1ffectionado$2
((?:\W|^)[Aa])ffirmation(\W|$)	$1fformation$2
((?:\W|^)[Aa])forementioned(\W|$)	$1formentioned$2
((?:\W|^)[Aa])ggress(\W|$)	$1gress$2
((?:\W|^)[Aa])in't(\W|$)	$1int$2
((?:\W|^)[Aa])jar(\W|$)	$1jarred$2
((?:\W|^)[Aa])lbeit(\W|$)	$1lbiet$2
((?:\W|^)[Aa])lleviate(\W|$)	$1leviate$2
((?:\W|^)[Aa])llemande(\W|$)	$1llemand$2
((?:\W|^)[Aa])llegation(\W|$)	$1lligation$2
((?:\W|^)[Aa])lliinase(\W|$)	$1llinase$2
((?:\W|^)[Aa])llochthonous(\W|$)	$1llochtonous$2
((?:\W|^)[Aa])llotrope(\W|$)	$1llotroph$2
((?:\W|^)[Aa])lrighty(\W|$)	$1llrighty$2
((?:\W|^)[Aa])lways(\W|$)	$1llways$2
((?:\W|^)[Aa])ltered(\W|$)	$1lterred$2
((?:\W|^)[Aa])ltering(\W|$)	$1lterring$2
((?:\W|^)[Aa])mateur(\W|$)	$1matuer$2
((?:\W|^)[Aa])mateur(\W|$)	$1mature$2
((?:\W|^)[Aa])mbidextrous(\W|$)	$1mbidexterous$2
((?:\W|^)[Aa])mphiphilic(\W|$)	$1mphilic$2
((?:\W|^)[Aa])mphitheater(\W|$)	$1mpitheater$2
((?:\W|^)[Aa])mphitheaters(\W|$)	$1mpitheaters$2
((?:\W|^)[Aa])mphitheatre(\W|$)	$1mpitheatre$2
((?:\W|^)[Aa])mphitheatres(\W|$)	$1mpitheatres$2
((?:\W|^)[Aa])mygdala(\W|$)	$1mygdale$2
((?:\W|^)[Aa])nalogous(\W|$)	$1nalagous$2
((?:\W|^)[Aa])nalyze(\W|$)	$1nalize$2
((?:\W|^)[Aa])nalyses(\W|$)	$1nalysises$2
((?:\W|^)[Aa])ncillary(\W|$)	$1ncilliary$2
((?:\W|^)[Aa])ndrogynous(\W|$)	$1ndrogenous$2
((?:\W|^)[Aa])nesthetize(\W|$)	$1nesthesize$2
((?:\W|^)[Aa])nesthetized(\W|$)	$1nesthesized$2
((?:\W|^)[Aa])nglicized(\W|$)	$1nglecized$2
((?:\W|^)[Aa])nkyrin(\W|$)	$1nkryin$2
((?:\W|^)[Aa])niseed(\W|$)	$1nniseed$2
((?:\W|^)[Aa])niseeds(\W|$)	$1nniseeds$2
((?:\W|^)[Aa])nnotator(\W|$)	$1nnotater$2
((?:\W|^)[Aa])nnounceable(\W|$)	$1nnouncable$2
((?:\W|^)[Aa])nomaly(\W|$)	$1nomoly$2
((?:\W|^)[Aa])nosognosia(\W|$)	$1nosagnosia$2
((?:\W|^)[Aa])nthracycline(\W|$)	$1nthacyclin$2
((?:\W|^)[Aa])rthropod(\W|$)	$1nthropod$2
((?:\W|^)[Aa])nthroponymy(\W|$)	$1nthroponomy$2
((?:\W|^)[Aa])ntiapoptotic(\W|$)	$1ntiapoptic$2
((?:\W|^)[Aa])nticlimactic(\W|$)	$1nticlimatic$2
((?:\W|^)[Aa])ntinomies(\W|$)	$1ntimonies$2
((?:\W|^)[Aa])ntiseptic(\W|$)	$1ntisceptic$2
((?:\W|^)[Aa])ngst(\W|$)	$1nxt$2
((?:\W|^)[Aa])pocalypse(\W|$)	$1pocolypse$2
((?:\W|^)[Aa])poptosis(\W|$)	$1popotosis$2
((?:\W|^)[Aa])poptotic(\W|$)	$1poptopic$2
((?:\W|^)[Aa])ppalled(\W|$)	$1ppaled$2
((?:\W|^)[Aa])ppalling(\W|$)	$1ppaling$2
((?:\W|^)[Aa])ppendices(\W|$)	$1ppendeces$2
((?:\W|^)[Aa])ppellation(\W|$)	$1ppilation$2
((?:\W|^)[Aa])ppreciate(\W|$)	$1preciate$2
((?:\W|^)[Aa])propos(\W|$)	$1propo$2
((?:\W|^)[Aa])poptotic(\W|$)	$1ptotic$2
((?:\W|^)[Aa])cquire(\W|$)	$1qcuire$2
((?:\W|^)[Aa])queduct(\W|$)	$1quaduct$2
((?:\W|^)[Aa])cquaintance(\W|$)	$1quaintance$2
((?:\W|^)[Aa])cquiesce(\W|$)	$1quiesce$2
((?:\W|^)[Aa])cquire(\W|$)	$1quire$2
((?:\W|^)[Aa])cquit(\W|$)	$1quit$2
((?:\W|^)[Aa])cquitted(\W|$)	$1quitted$2
((?:\W|^)[Aa])rachnophobia(\W|$)	$1rachnephobia$2
((?:\W|^)[Aa])rchetype(\W|$)	$1rchitype$2
((?:\W|^)[Aa])rginine(\W|$)	$1rginene$2
((?:\W|^)[Aa])erial(\W|$)	$1riel$2
((?:\W|^)[Aa])rithmetic(\W|$)	$1rithmatic$2
((?:\W|^)[Aa])rithmetically(\W|$)	$1rithmatically$2
((?:\W|^)[Aa])rrangement(\W|$)	$1rrangment$2
((?:\W|^)[Aa])rrangement(\W|$)	$1rrangments$2
((?:\W|^)[Aa])rrhythmogenic(\W|$)	$1rrythmogenic$2
((?:\W|^)[Aa])rtemisinin(\W|$)	$1rtemesinin$2
((?:\W|^)[Aa])therogenic(\W|$)	$1rtherogenic$2
((?:\W|^)[Aa])therosclerosis(\W|$)	$1rtherosclerosis$2
((?:\W|^)[Aa])rthroplasty(\W|$)	$1rthoplasty$2
((?:\W|^)[Aa])rticle(\W|$)	$1rtical$2
((?:\W|^)[Aa])rtical(\W|$)	$1rticals$2
((?:\W|^)[Aa])rtificial(\W|$)	$1rtifical$2
((?:\W|^)[Aa])cerbate(\W|$)	$1scerbate$2
((?:\W|^)[Aa])sparagine(\W|$)	$1speragine$2
((?:\W|^)[Aa])spirin(\W|$)	$1sprin$2
((?:\W|^)[Aa])ssessment(\W|$)	$1ssesment$2
((?:\W|^)[Aa])ssiduous(\W|$)	$1ssidious$2
((?:\W|^)[Aa])ssociationistic(\W|$)	$1ssocionistic$2
((?:\W|^)[Aa])sterisk(\W|$)	$1sterix$2
((?:\W|^)[Aa])symptote(\W|$)	$1symtope$2
((?:\W|^)[Aa])thetosis(\W|$)	$1theosis$2
((?:\W|^)[Aa])theism(\W|$)	$1thiesm$2
((?:\W|^)[Aa])theist(\W|$)	$1thiest$2
((?:\W|^)[Aa])theists(\W|$)	$1thiests$2
((?:\W|^)[Aa])tonement(\W|$)	$1ttonement$2
((?:\W|^)[Aa])tonements(\W|$)	$1ttonements$2
((?:\W|^)[Aa])ttorney(\W|$)	$1ttourney$2
((?:\W|^)[Aa])ustralis(\W|$)	$1ustrealis$2
((?:\W|^)[Aa])uthentication(\W|$)	$1uthentification$2
((?:\W|^)[Aa])uthorise(\W|$)	$1uthourise$2
((?:\W|^)[Aa])utonomous(\W|$)	$1utomous$2
((?:\W|^)[Aa])weigh(\W|$)	$1way$2
((?:\W|^)[Aa])wful(\W|$)	$1weful$2
((?:\W|^)[Aa])wesomest(\W|$)	$1wsomest$2
((?:\W|^)[Aa])xle(\W|$)	$1xel$2
((?:\W|^)[Aa])xis(\W|$)	$1xises$2
((?:\W|^)[Bb])ackground(\W|$)	$1ackround$2
((?:\W|^)[Bb])addest(\W|$)	$1adest$2
((?:\W|^)[Bb])adly(\W|$)	$1adley$2
((?:\W|^)[Bb])alanceable(\W|$)	$1alancable$2
((?:\W|^)[Bb])allistically(\W|$)	$1alistically$2
((?:\W|^)[Bb])allooner(\W|$)	$1alloonneer$2
((?:\W|^)[Bb])allooners(\W|$)	$1alloonneers$2
((?:\W|^)[Bb])ankruptcy(\W|$)	$1ankrupcies$2
((?:\W|^)[Bb])ankruptcy(\W|$)	$1ankrupcy$2
((?:\W|^)[Bb])arbiturate(\W|$)	$1arbituate$2
((?:\W|^)[Bb])arotropy(\W|$)	$1arotrophy$2
((?:\W|^)[Bb])arista(\W|$)	$1arrista$2
((?:\W|^)[Bb])aristas(\W|$)	$1arristas$2
((?:\W|^)[Bb])asically(\W|$)	$1asicly$2
((?:\W|^)[Bb])astard(\W|$)	$1asterd$2
((?:\W|^)[Bb])auble(\W|$)	$1awble$2
((?:\W|^)[Bb])izarre(\W|$)	$1azaar$2
((?:\W|^)[Bb])urly(\W|$)	$1early$2
((?:\W|^)[Bb])estial(\W|$)	$1eastial$2
((?:\W|^)[Bb])estiality(\W|$)	$1eastiality$2
((?:\W|^)[Bb])eautiful(\W|$)	$1eautyful$2
((?:\W|^)[Bb])ecause(\W|$)	$1ecuase$2
((?:\W|^)[Bb])efore(\W|$)	$1efor$2
((?:\W|^)[Bb])elieve(\W|$)	$1eleive$2
((?:\W|^)[Bb])elieved(\W|$)	$1eleived$2
((?:\W|^)[Bb])eliever(\W|$)	$1eleiver$2
((?:\W|^)[Bb])elieves(\W|$)	$1eleives$2
((?:\W|^)[Bb])elieving(\W|$)	$1eleiving$2
((?:\W|^)[Bb])ellwether(\W|$)	$1ellweather$2
((?:\W|^)[Bb])ellwethers(\W|$)	$1ellweathers$2
((?:\W|^)[Bb])eneficial(\W|$)	$1enificial$2
((?:\W|^)[Bb])enefit(\W|$)	$1enifit$2
((?:\W|^)[Bb])ends(\W|$)	$1enze$2
((?:\W|^)[Bb])eryllium(\W|$)	$1erylium$2
((?:\W|^)[Bb])etroth(\W|$)	$1ethroth$2
((?:\W|^)[Bb])ibliography(\W|$)	$1ibiliography$2
((?:\W|^)[Bb])icolorous(\W|$)	$1icolourous$2
((?:\W|^)[Bb])ig-boob(\W|$)	$1igboob$2
((?:\W|^)[Bb])ioavailability(\W|$)	$1ioavailibility$2
((?:\W|^)[Bb])ipartisan(\W|$)	$1ipartison$2
((?:\W|^)[Bb])erth(\W|$)	$1irth$2
((?:\W|^)[Bb])ivouac(\W|$)	$1ivouack$2
((?:\W|^)[Bb])izarre(\W|$)	$1izzare$2
((?:\W|^)[Bb])izarrely(\W|$)	$1izzarely$2
((?:\W|^)[Bb])loc(\W|$)	$1lock$2
((?:\W|^)[Bb])lockade(\W|$)	$1lockaid$2
((?:\W|^)[Bb])uggery(\W|$)	$1oggery$2
((?:\W|^)[Bb])oth(\W|$)	$1olth$2
((?:\W|^)[Bb])anzai(\W|$)	$1onsai$2
((?:\W|^)[Bb])ounceable(\W|$)	$1ouncable$2
((?:\W|^)[Bb])uoy(\W|$)	$1ouy$2
((?:\W|^)[Bb])uoyant(\W|$)	$1ouyant$2
((?:\W|^)[Bb])odacious(\W|$)	$1owdacious$2
((?:\W|^)[Bb])owdlerised(\W|$)	$1owlderised$2
((?:\W|^)[Bb])raggadocio(\W|$)	$1raggadoccio$2
((?:\W|^)[Bb])reaststroke(\W|$)	$1reastroke$2
((?:\W|^)[Bb])rightly(\W|$)	$1rightley$2
((?:\W|^)[Bb])usiness(\W|$)	$1uisness$2
((?:\W|^)[Bb])ulimia(\W|$)	$1ulemia$2
((?:\W|^)[Bb])ulimic(\W|$)	$1ulemic$2
((?:\W|^)[Bb])icycle(\W|$)	$1ycicle$2
((?:\W|^)[Cc])adence(\W|$)	$1adance$2
((?:\W|^)[Cc])adences(\W|$)	$1adances$2
((?:\W|^)[Cc])affeine(\W|$)	$1affiene$2
((?:\W|^)[Cc])ojones(\W|$)	$1ajones$2
((?:\W|^)[Cc])alcaneus(\W|$)	$1alcaneous$2
((?:\W|^)[Cc])alendar(\W|$)	$1alender$2
((?:\W|^)[Cc])allipygian(\W|$)	$1alipygian$2
((?:\W|^)[Cc])alumniate(\W|$)	$1alumnate$2
((?:\W|^)[Cc])amelid(\W|$)	$1ameloid$2
((?:\W|^)[Cc])arnivorous(\W|$)	$1anivorous$2
((?:\W|^)[Cc])anister(\W|$)	$1annister$2
((?:\W|^)[Cc])anoeing(\W|$)	$1anoing$2
((?:\W|^)[Cc])antaloupe(\W|$)	$1antalope$2
((?:\W|^)[Cc])apriccio(\W|$)	$1aprichio$2
((?:\W|^)[Cc])apstan(\W|$)	$1apstern$2
((?:\W|^)[Cc])arbamoylation(\W|$)	$1arbamylation$2
((?:\W|^)[Cc])arboxyfluorescein(\W|$)	$1arboxyfluoroscein$2
((?:\W|^)[Cc])arbuncle(\W|$)	$1arbunkle$2
((?:\W|^)[Cc])arnivorous(\W|$)	$1arnivourous$2
((?:\W|^)[Cc])arotid(\W|$)	$1arotted$2
((?:\W|^)[Cc])artilage(\W|$)	$1artilege$2
((?:\W|^)[Cc])artoony(\W|$)	$1artooney$2
((?:\W|^)[Cc])ategory(\W|$)	$1atagory$2
((?:\W|^)[Cc])atecholamine(\W|$)	$1athecholamine$2
((?:\W|^)[Cc])emetery(\W|$)	$1emetary$2
((?:\W|^)[Cc])entral(\W|$)	$1enteral$2
((?:\W|^)[Cc])entrally(\W|$)	$1enterally$2
((?:\W|^)[Cc])entric(\W|$)	$1enteric$2
((?:\W|^)[Cc])entrifugal(\W|$)	$1entrifical$2
((?:\W|^)[Cc])ephalalgia(\W|$)	$1ephalagia$2
((?:\W|^)[Cc])ertainty(\W|$)	$1ertainity$2
((?:\W|^)[Cc])hangeable(\W|$)	$1hangable$2
((?:\W|^)[Cc])haracter(\W|$)	$1harecter$2
((?:\W|^)[Cc])heesy(\W|$)	$1heesey$2
((?:\W|^)[Cc])hemiluminescence(\W|$)	$1hemiluminesence$2
((?:\W|^)[Cc])hemiluminescent(\W|$)	$1hemoluminiscent$2
((?:\W|^)[Cc])hestnut(\W|$)	$1hessnut$2
((?:\W|^)[Cc])hicanery(\W|$)	$1hickenry$2
((?:\W|^)[Cc])hlamydiosis(\W|$)	$1hlamydiasis$2
((?:\W|^)[Cc])horopleth(\W|$)	$1hloropleth$2
((?:\W|^)[Cc])hromotherapy(\W|$)	$1hromatherapy$2
((?:\W|^)[Cc])inematography(\W|$)	$1inametography$2
((?:\W|^)[Cc])innamon(\W|$)	$1inamon$2
((?:\W|^)[Cc])innamons(\W|$)	$1inamons$2
((?:\W|^)[Cc])ircumcise(\W|$)	$1ircumcize$2
((?:\W|^)[Cc])hirurgical(\W|$)	$1irurgical$2
((?:\W|^)[Cc])larity(\W|$)	$1lairty$2
((?:\W|^)[Cc])linician(\W|$)	$1linitian$2
((?:\W|^)[Cc])ognoscenti(\W|$)	$1ognescenti$2
((?:\W|^)[Cc])holecalciferol(\W|$)	$1olecalciferol$2
((?:\W|^)[Cc])olleagues(\W|$)	$1olleages$2
((?:\W|^)[Cc])olleague(\W|$)	$1ollegue$2
((?:\W|^)[Cc])orrelation(\W|$)	$1ollelation$2
((?:\W|^)[Cc])ollagraphy(\W|$)	$1ollography$2
((?:\W|^)[Cc])oma(\W|$)	$1olma$2
((?:\W|^)[Cc])omfortable(\W|$)	$1omfterble$2
((?:\W|^)[Cc])omfortable(\W|$)	$1omftorble$2
((?:\W|^)[Cc])ommiserate(\W|$)	$1omiserate$2
((?:\W|^)[Cc])ommiserate(\W|$)	$1omisserate$2
((?:\W|^)[Cc])ommitted(\W|$)	$1ommited$2
((?:\W|^)[Cc])ompatibility(\W|$)	$1ompatability$2
((?:\W|^)[Cc])ompatible(\W|$)	$1ompatable$2
((?:\W|^)[Cc])ompatriot(\W|$)	$1ompatriate$2
((?:\W|^)[Cc])ompetitive(\W|$)	$1ompetetive$2
((?:\W|^)[Cc])ompetitively(\W|$)	$1ompetetively$2
((?:\W|^)[Cc])ompilation(\W|$)	$1ompiliation$2
((?:\W|^)[Cc])omplement(\W|$)	$1ompliment$2
((?:\W|^)[Cc])ompromise(\W|$)	$1ompromize$2
((?:\W|^)[Cc])ompulsorily(\W|$)	$1ompulsarily$2
((?:\W|^)[Cc])ommunication(\W|$)	$1omunication$2
((?:\W|^)[Cc])oncede(\W|$)	$1onceed$2
((?:\W|^)[Cc])onsensus(\W|$)	$1oncensus$2
((?:\W|^)[Cc])onscientious(\W|$)	$1oncientious$2
((?:\W|^)[Cc])onceive(\W|$)	$1oncieve$2
((?:\W|^)[Cc])onscious(\W|$)	$1oncious$2
((?:\W|^)[Cc])oncise(\W|$)	$1oncize$2
((?:\W|^)[Cc])ondescend(\W|$)	$1ondenscend$2
((?:\W|^)[Cc])ondenser(\W|$)	$1ondensor$2
((?:\W|^)[Cc])ondescending(\W|$)	$1ondesending$2
((?:\W|^)[Cc])onfidant(\W|$)	$1onfidente$2
((?:\W|^)[Cc])onfiscate(\W|$)	$1onfuscate$2
((?:\W|^)[Cc])onrotatory(\W|$)	$1onrotary$2
((?:\W|^)[Cc])onscientious(\W|$)	$1onscientous$2
((?:\W|^)[Cc])onsecutive(\W|$)	$1onsequtive$2
((?:\W|^)[Cc])oncerted(\W|$)	$1onserted$2
((?:\W|^)[Cc])onsistent(\W|$)	$1onsistant$2
((?:\W|^)[Cc])onsummation(\W|$)	$1onsommation$2
((?:\W|^)[Cc])onspicuous(\W|$)	$1onspicious$2
((?:\W|^)[Cc])onspiracy(\W|$)	$1onspirancy$2
((?:\W|^)[Cc])onsummate(\W|$)	$1onsumate$2
((?:\W|^)[Cc])ontemplators(\W|$)	$1ontemplaters$2
((?:\W|^)[Cc])ontortion(\W|$)	$1ontorsion$2
((?:\W|^)[Cc])ontroversial(\W|$)	$1ontraversial$2
((?:\W|^)[Cc])ontributor(\W|$)	$1ontributer$2
((?:\W|^)[Cc])ontributors(\W|$)	$1ontributers$2
((?:\W|^)[Cc])ontrolled(\W|$)	$1ontroled$2
((?:\W|^)[Cc])onnubial(\W|$)	$1onubial$2
((?:\W|^)[Cc])onversion(\W|$)	$1onvertion$2
((?:\W|^)[Cc])onversions(\W|$)	$1onvertions$2
(\W|^)kooky(\W|$)	$1cooky$2
((?:\W|^)[Cc])ookie(\W|$)	$1ooky$2
((?:\W|^)[Cc])opacetic(\W|$)	$1opesettic$2
((?:\W|^)[Cc])opyright(\W|$)	$1opywrite$2
((?:\W|^)[Cc])opyrighted(\W|$)	$1opywritten$2
((?:\W|^)[Cc])oraciiform(\W|$)	$1oraciform$2
((?:\W|^)[Cc])orrelate(\W|$)	$1orrolate$2
((?:\W|^)[Cc])ulotte(\W|$)	$1oulotte$2
((?:\W|^)[Cc])ourse(\W|$)	$1ource$2
((?:\W|^)[Cc])ourt-martial(\W|$)	$1ourt-marshal$2
(\W|^)kowtow(\W|$)	$1cowtow$2
((?:\W|^)[Cc])redibly(\W|$)	$1redibley$2
((?:\W|^)[Cc])redence(\W|$)	$1reedence$2
((?:\W|^)[Cc])riterion(\W|$)	$1riterior$2
((?:\W|^)[Cc])ross-sectional(\W|$)	$1rosssectional$2
((?:\W|^)[Cc])rucifixion(\W|$)	$1rucifiction$2
((?:\W|^)[Cc])rucifixions(\W|$)	$1rucifictions$2
((?:\W|^)[Cc])uboctahedral(\W|$)	$1uboctohedral$2
((?:\W|^)[Cc])ueing(\W|$)	$1uing$2
((?:\W|^)[Cc])ummerbunds(\W|$)	$1umberbunds$2
((?:\W|^)[Cc])uriosity(\W|$)	$1uriousity$2
((?:\W|^)[Cc])orundum(\W|$)	$1urundum$2
((?:\W|^)[Cc])ycloheximide(\W|$)	$1yclohexamide$2
((?:\W|^)[Cc])ystic(\W|$)	$1yctic$2
((?:\W|^)[Cc])ytosine(\W|$)	$1ytocine$2
((?:\W|^)[Cc])ytotoxic(\W|$)	$1ytoxic$2
((?:\W|^)[Dd])aguerreotype(\W|$)	$1aguerrotype$2
((?:\W|^)[Dd])aguerreotypy(\W|$)	$1aguerrotypy$2
((?:\W|^)[Dd])ammit(\W|$)	$1amnit$2
((?:\W|^)[Dd])anceable(\W|$)	$1ancable$2
((?:\W|^)[Dd])anceathon(\W|$)	$1ancathon$2
((?:\W|^)[Dd])eacetylase(\W|$)	$1eactylase$2
((?:\W|^)[Dd])eadenylation(\W|$)	$1eadenylylation$2
((?:\W|^)[Dd])earest(\W|$)	$1earrest$2
((?:\W|^)[Dd])eathliness(\W|$)	$1eathiness$2
((?:\W|^)[Dd])eathly(\W|$)	$1eathy$2
((?:\W|^)[Dd])acarbazine(\W|$)	$1ecarbazine$2
((?:\W|^)[Dd])eceive(\W|$)	$1ecieve$2
((?:\W|^)[Dd])ecalogies(\W|$)	$1ecologies$2
((?:\W|^)[Dd])ecalogy(\W|$)	$1ecology$2
((?:\W|^)[Dd])ecorrelation(\W|$)	$1ecorrellation$2
((?:\W|^)[Dd])ecorous(\W|$)	$1ecourous$2
(\W|^)faulty(\W|$)	$1defaulty$2
((?:\W|^)[Dd])efensive(\W|$)	$1efencive$2
((?:\W|^)[Dd])eferred(\W|$)	$1effered$2
((?:\W|^)[Dd])efinitely(\W|$)	$1efiantly$2
((?:\W|^)[Dd])efinite(\W|$)	$1efinate$2
((?:\W|^)[Dd])efinitely(\W|$)	$1efinately$2
((?:\W|^)[Dd])efinition(\W|$)	$1efination$2
((?:\W|^)[Dd])efinitely(\W|$)	$1efinatly$2
((?:\W|^)[Dd])efinitely(\W|$)	$1efinetly$2
((?:\W|^)[Dd])efinition(\W|$)	$1efiniton$2
((?:\W|^)[Dd])efiniton(\W|$)	$1efinitons$2
((?:\W|^)[Dd])iffusion(\W|$)	$1efusion$2
((?:\W|^)[Dd])ilapidated(\W|$)	$1elapidated$2
((?:\W|^)[Dd])emagogue(\W|$)	$1emogogue$2
((?:\W|^)[Dd])eoxyadenosine(\W|$)	$1eoxyadenine$2
((?:\W|^)[Dd])eparts(\W|$)	$1epants$2
((?:\W|^)[Dd])epauperate(\W|$)	$1epaurate$2
((?:\W|^)[Dd])ependence(\W|$)	$1ependance$2
((?:\W|^)[Dd])ependent(\W|$)	$1ependant$2
((?:\W|^)[Dd])ereferenceable(\W|$)	$1ereferencable$2
((?:\W|^)[Dd])erelict(\W|$)	$1erilict$2
((?:\W|^)[Dd])escendants(\W|$)	$1escendents$2
((?:\W|^)[Dd])escription(\W|$)	$1esciption$2
((?:\W|^)[Dd])esign(\W|$)	$1esighn$2
((?:\W|^)[Dd])esperate(\W|$)	$1esparate$2
((?:\W|^)[Dd])espicable(\W|$)	$1especable$2
((?:\W|^)[Dd])esiccate(\W|$)	$1essicate$2
((?:\W|^)[Dd])esiccated(\W|$)	$1essicated$2
((?:\W|^)[Dd])esiccation(\W|$)	$1essication$2
((?:\W|^)[Dd])eter(\W|$)	$1eterr$2
((?:\W|^)[Dd])evise(\W|$)	$1evize$2
((?:\W|^)[Dd])examethasone(\W|$)	$1examethosone$2
((?:\W|^)[Dd])exterous(\W|$)	$1exterious$2
((?:\W|^)[Dd])eactivated(\W|$)	$1iactivated$2
((?:\W|^)[Dd])yadic(\W|$)	$1iadic$2
((?:\W|^)[Dd])iegetic(\W|$)	$1iagetic$2
((?:\W|^)[Dd])ichroic(\W|$)	$1ichronic$2
((?:\W|^)[Dd])iachronic(\W|$)	$1ichronic$2
((?:\W|^)[Dd])ickwad(\W|$)	$1ickwod$2
((?:\W|^)[Dd])idn't(\W|$)	$1idint$2
((?:\W|^)[Dd])itto(\W|$)	$1ido$2
((?:\W|^)[Dd])ying(\W|$)	$1ieing$2
((?:\W|^)[Dd])iethylstilbestrol(\W|$)	$1iethylstilbesterol$2
((?:\W|^)[Dd])ifferently(\W|$)	$1ifferentley$2
((?:\W|^)[Dd])igitigrade(\W|$)	$1igitgrade$2
((?:\W|^)[Dd])ihydroxyphenylisatin(\W|$)	$1ihydrophenylisatin$2
((?:\W|^)[Dd])ilemma(\W|$)	$1ilemna$2
((?:\W|^)[Dd])iligent(\W|$)	$1illigent$2
((?:\W|^)[Dd])ementia(\W|$)	$1imensia$2
((?:\W|^)[Dd])emented(\W|$)	$1imented$2
((?:\W|^)[Dd])ementia(\W|$)	$1imentia$2
((?:\W|^)[Dd])imensional(\W|$)	$1imentional$2
((?:\W|^)[Dd])iminutive(\W|$)	$1iminuitive$2
((?:\W|^)[Dd])iphthong(\W|$)	$1ipthong$2
((?:\W|^)[Dd])earth(\W|$)	$1irth$2
((?:\W|^)[Dd])isastrous(\W|$)	$1isasterous$2
((?:\W|^)[Dd])isastrously(\W|$)	$1isasterously$2
((?:\W|^)[Dd])issatisfied(\W|$)	$1isatisfied$2
((?:\W|^)[Dd])issect(\W|$)	$1isect$2
((?:\W|^)[Dd])issection(\W|$)	$1isection$2
((?:\W|^)[Dd])issections(\W|$)	$1isections$2
((?:\W|^)[Dd])isseminate(\W|$)	$1iseminate$2
((?:\W|^)[Dd])eserve(\W|$)	$1iserve$2
((?:\W|^)[Dd])ysfunction(\W|$)	$1isfunction$2
((?:\W|^)[Dd])isinterred(\W|$)	$1isintered$2
((?:\W|^)[Dd])isinterring(\W|$)	$1isintering$2
((?:\W|^)[Dd])yspeptic(\W|$)	$1ispeptic$2
((?:\W|^)[Dd])isbursement(\W|$)	$1ispersement$2
((?:\W|^)[Dd])isplaceable(\W|$)	$1isplacable$2
((?:\W|^)[Dd])isbursement(\W|$)	$1ispursement$2
((?:\W|^)[Dd])ysregulate(\W|$)	$1isregulate$2
((?:\W|^)[Dd])ysregulated(\W|$)	$1isregulated$2
((?:\W|^)[Dd])ysregulates(\W|$)	$1isregulates$2
((?:\W|^)[Dd])ysregulation(\W|$)	$1isregulation$2
((?:\W|^)[Dd])isrotatory(\W|$)	$1isrotary$2
((?:\W|^)[Dd])isarray(\W|$)	$1issarray$2
((?:\W|^)[Dd])issension(\W|$)	$1issention$2
((?:\W|^)[Dd])ystopia(\W|$)	$1istopia$2
((?:\W|^)[Dd])iverticula(\W|$)	$1iverticuli$2
((?:\W|^)[Dd])ivisible(\W|$)	$1ivisable$2
((?:\W|^)[Dd])ivorceable(\W|$)	$1ivorcable$2
((?:\W|^)[Dd])oesn't(\W|$)	$1oesint$2
((?:\W|^)[Dd])oesn't(\W|$)	$1oesnt$2
((?:\W|^)[Dd])unnage(\W|$)	$1onage$2
((?:\W|^)[Dd])oppelganger(\W|$)	$1oppleganger$2
((?:\W|^)[Dd])oxorubicin(\W|$)	$1oxyrubicin$2
((?:\W|^)[Dd])rog(\W|$)	$1rouge$2
((?:\W|^)[Dd])rogue(\W|$)	$1rouge$2
((?:\W|^)[Dd])oubloon(\W|$)	$1ubloon$2
((?:\W|^)[Dd])oubloons(\W|$)	$1ubloons$2
((?:\W|^)[Ee])ccentric(\W|$)	$1ccenteric$2
((?:\W|^)[Ee])cclesiastical(\W|$)	$1clesiastical$2
((?:\W|^)[Ee])daphology(\W|$)	$1dafology$2
((?:\W|^)[Ee])dited(\W|$)	$1ditted$2
((?:\W|^)[Ee])diting(\W|$)	$1ditting$2
((?:\W|^)[Ee])ducate(\W|$)	$1dumacate$2
(\W|^)affect(\W|$)	$1effect$2
((?:\W|^)[Ee])ffectively(\W|$)	$1ffectiveley$2
((?:\W|^)[Ee])ffectively(\W|$)	$1ffectivley$2
((?:\W|^)[Ee])gregious(\W|$)	$1grecious$2
((?:\W|^)[Ee])ighth(\W|$)	$1ightth$2
((?:\W|^)[Ee])lectrocute(\W|$)	$1lectricute$2
((?:\W|^)[Ee])lectrician(\W|$)	$1lectrition$2
((?:\W|^)[Ee])lectrolyte(\W|$)	$1lectrolight$2
((?:\W|^)[Ee])lephantiasis(\W|$)	$1lephantitis$2
((?:\W|^)[Ee])mbarrass(\W|$)	$1mbarass$2
((?:\W|^)[Ee])mbarrassed(\W|$)	$1mbarassed$2
((?:\W|^)[Ee])mbarrassing(\W|$)	$1mbarassing$2
((?:\W|^)[Ee])mbarrassment(\W|$)	$1mbarassment$2
((?:\W|^)[Ee])mbarrassing(\W|$)	$1mbarrasing$2
((?:\W|^)[Ee])mbraceable(\W|$)	$1mbracable$2
((?:\W|^)[Ee])missary(\W|$)	$1misary$2
((?:\W|^)[Ee])missivity(\W|$)	$1mmisivity$2
((?:\W|^)[Ee])mpirical(\W|$)	$1mperical$2
((?:\W|^)[Ee])nanthate(\W|$)	$1nantate$2
((?:\W|^)[Ee])ncyclopedia(\W|$)	$1nciclopedia$2
(\W|^)incorrigible(\W|$)	$1encourageable$2
(\W|^)hendecasyllable(\W|$)	$1endecasyllable$2
((?:\W|^)[Ee])ntrail(\W|$)	$1ndtrail$2
((?:\W|^)[Ee])nforceable(\W|$)	$1nforcable$2
((?:\W|^)[Ee])ngineer(\W|$)	$1nginer$2
((?:\W|^)[Ee])nsure(\W|$)	$1nshure$2
((?:\W|^)[Ee])ntrance(\W|$)	$1nterance$2
((?:\W|^)[Ee])ntry(\W|$)	$1ntery$2
((?:\W|^)[Ee])nterable(\W|$)	$1ntrable$2
((?:\W|^)[Ee])nough(\W|$)	$1nuf$2
(\W|^)involvement(\W|$)	$1envolvement$2
((?:\W|^)[Ee])nwreathe(\W|$)	$1nwreath$2
((?:\W|^)[Ee])picene(\W|$)	$1picine$2
((?:\W|^)[Ee])pidemiology(\W|$)	$1pidemology$2
((?:\W|^)[Ee])pitome(\W|$)	$1pitomy$2
((?:\W|^)[Ee])quinox(\W|$)	$1quinoxe$2
((?:\W|^)[Ee])rythropoiesis(\W|$)	$1rythropoeisis$2
((?:\W|^)[Ee])tymology(\W|$)	$1timology$2
((?:\W|^)[Ee])uthanasia(\W|$)	$1uthenasia$2
((?:\W|^)[Ee])vangelistic(\W|$)	$1vangalistic$2
((?:\W|^)[Ee])xaggerate(\W|$)	$1xagerate$2
((?:\W|^)[Ee])xaggeration(\W|$)	$1xageration$2
((?:\W|^)[Ee])xaggerate(\W|$)	$1xaggregate$2
((?:\W|^)[Ee])xecrable(\W|$)	$1xcerable$2
((?:\W|^)[Ee])xercise(\W|$)	$1xcercise$2
((?:\W|^)[Ee])xist(\W|$)	$1xcist$2
((?:\W|^)[Ee])xcruciate(\W|$)	$1xcrutiate$2
((?:\W|^)[Ee])xcursion(\W|$)	$1xcusion$2
((?:\W|^)[Ee])xclusion(\W|$)	$1xcusion$2
((?:\W|^)[Ee])xercise(\W|$)	$1xersize$2
((?:\W|^)[Ee])xorbitant(\W|$)	$1xhorbitant$2
((?:\W|^)[Ee])xistence(\W|$)	$1xistance$2
((?:\W|^)[Ee])xistent(\W|$)	$1xistant$2
((?:\W|^)[Ee])xciting(\W|$)	$1xiting$2
((?:\W|^)[Ee])xorbitant(\W|$)	$1xorbital$2
((?:\W|^)[Ee])xpatriate(\W|$)	$1xpatriot$2
((?:\W|^)[Ee])specially(\W|$)	$1xpecially$2
((?:\W|^)[Ee])xpedient(\W|$)	$1xpediant$2
((?:\W|^)[Ee])xpedite(\W|$)	$1xpediate$2
((?:\W|^)[Ee])xperienceable(\W|$)	$1xperiencable$2
((?:\W|^)[Ee])xpedite(\W|$)	$1xpidite$2
((?:\W|^)[Ee])xpedite(\W|$)	$1xpidited$2
((?:\W|^)[Ee])xpedite(\W|$)	$1xpidites$2
((?:\W|^)[Ee])xpedite(\W|$)	$1xpiditing$2
((?:\W|^)[Ee])cstasy(\W|$)	$1xtacy$2
((?:\W|^)[Ee])cstatic(\W|$)	$1xtatic$2
((?:\W|^)[Ee])xtension(\W|$)	$1xtention$2
((?:\W|^)[Ee])xtravagant(\W|$)	$1xtravagent$2
((?:\W|^)[Ee])xtravasation(\W|$)	$1xtravastion$2
((?:\W|^)[Ee])xtraordinary(\W|$)	$1xtrordinary$2
((?:\W|^)[Ee])xuvia(\W|$)	$1xuvium$2
((?:\W|^)[Ff])ascist(\W|$)	$1acist$2
((?:\W|^)[Ff])ate(\W|$)	$1ait$2
(\W|^)verkakte(\W|$)	$1fakakta$2
((?:\W|^)[Ff])amiliar(\W|$)	$1amilar$2
((?:\W|^)[Ff])anwear(\W|$)	$1anware$2
((?:\W|^)[Ff])ettuccine(\W|$)	$1ettucine$2
((?:\W|^)[Ff])ibrous(\W|$)	$1iberous$2
((?:\W|^)[Ff])ictional(\W|$)	$1ictitional$2
((?:\W|^)[Ff])ilibuster(\W|$)	$1ilabuster$2
((?:\W|^)[Ff])ilament(\W|$)	$1iliment$2
((?:\W|^)[Ff])ilaments(\W|$)	$1iliments$2
((?:\W|^)[Ff])inanceable(\W|$)	$1inancable$2
((?:\W|^)[Ff])iery(\W|$)	$1irey$2
((?:\W|^)[Ff])easibility(\W|$)	$1issibility$2
(\W|^)phytosterol(\W|$)	$1fitosterol$2
((?:\W|^)[Ff])ifteen(\W|$)	$1iveteen$2
((?:\W|^)[Ff])ifty(\W|$)	$1ivety$2
((?:\W|^)[Ff])ragrant(\W|$)	$1lagrant$2
((?:\W|^)[Ff])leischnacka(\W|$)	$1leischnacke$2
((?:\W|^)[Ff])logged(\W|$)	$1loged$2
((?:\W|^)[Ff])logging(\W|$)	$1loging$2
((?:\W|^)[Ff])loppy(\W|$)	$1loopy$2
((?:\W|^)[Ff])luoride(\W|$)	$1loride$2
((?:\W|^)[Ff])luorides(\W|$)	$1lorides$2
((?:\W|^)[Ff])luorine(\W|$)	$1lourine$2
((?:\W|^)[Ff])luorodeoxyglucose(\W|$)	$1lourodeoxyglucose$2
((?:\W|^)[Ff])luctuate(\W|$)	$1luxuate$2
((?:\W|^)[Ff])luctuated(\W|$)	$1luxuated$2
((?:\W|^)[Ff])luctuates(\W|$)	$1luxuates$2
((?:\W|^)[Ff])luctuating(\W|$)	$1luxuating$2
((?:\W|^)[Ff])luctuation(\W|$)	$1luxuation$2
((?:\W|^)[Ff])luctuations(\W|$)	$1luxuations$2
((?:\W|^)[Ff])ossa(\W|$)	$1oosa$2
((?:\W|^)[Ff])orecast(\W|$)	$1orcast$2
((?:\W|^)[Ff])orcible(\W|$)	$1orceable$2
((?:\W|^)[Ff])orbearance(\W|$)	$1orebearance$2
((?:\W|^)[Ff])orward(\W|$)	$1oreward$2
((?:\W|^)[Ff])orgivable(\W|$)	$1orgiveable$2
((?:\W|^)[Ff])ormatted(\W|$)	$1ormated$2
((?:\W|^)[Ff])ormatting(\W|$)	$1ormating$2
((?:\W|^)[Ff])oment(\W|$)	$1orment$2
((?:\W|^)[Ff])oreseeable(\W|$)	$1orseeable$2
((?:\W|^)[Ff])ourth(\W|$)	$1orth$2
((?:\W|^)[Ff])oreword(\W|$)	$1orward$2
(\W|^)photograph(\W|$)	$1fotograph$2
((?:\W|^)[Ff])orties(\W|$)	$1ourties$2
((?:\W|^)[Ff])orty(\W|$)	$1ourty$2
((?:\W|^)[Ff])reest(\W|$)	$1reeest$2
((?:\W|^)[Ff])riend(\W|$)	$1reind$2
((?:\W|^)[Ff])requentative(\W|$)	$1requentive$2
((?:\W|^)[Ff])rivolous(\W|$)	$1rivilous$2
((?:\W|^)[Ff])rustum(\W|$)	$1rustrum$2
((?:\W|^)[Ff])uck-knuckle(\W|$)	$1ucknuckle$2
((?:\W|^)[Ff])ugazi(\W|$)	$1ugazy$2
((?:\W|^)[Ff])ulsome(\W|$)	$1ullsome$2
((?:\W|^)[Ff])uchsia(\W|$)	$1uschia$2
((?:\W|^)[Ff])uchsia(\W|$)	$1uschias$2
((?:\W|^)[Ff])usulinid(\W|$)	$1usilinid$2
((?:\W|^)[Ff])urthermore(\W|$)	$1uthermore$2
((?:\W|^)[Ff])uzzification(\W|$)	$1uzzyfication$2
((?:\W|^)[Gg])allivant(\W|$)	$1alavant$2
((?:\W|^)[Gg])alvanize(\W|$)	$1alvinize$2
((?:\W|^)[Gg])arnered(\W|$)	$1arned$2
((?:\W|^)[Gg])astrulation(\W|$)	$1astulation$2
((?:\W|^)[Gg])uarantee(\W|$)	$1aurantee$2
((?:\W|^)[Gg])enealogy(\W|$)	$1eneology$2
((?:\W|^)[Gg])enius(\W|$)	$1enious$2
((?:\W|^)[Gg])ay(\W|$)	$1hey$2
((?:\W|^)[Gg])iblets(\W|$)	$1ibblets$2
((?:\W|^)[Gg])igamp(\W|$)	$1igaamp$2
((?:\W|^)[Gg])izzard(\W|$)	$1izard$2
((?:\W|^)[Gg])lamorous(\W|$)	$1lamourous$2
((?:\W|^)[Gg])leam(\W|$)	$1leem$2
((?:\W|^)[Gg])lobes(\W|$)	$1lodes$2
((?:\W|^)[Gg])lucuronidase(\W|$)	$1lucoronidase$2
((?:\W|^)[Gg])laucous(\W|$)	$1lucous$2
((?:\W|^)[Gg])lucose(\W|$)	$1lucous$2
((?:\W|^)[Gg])luttony(\W|$)	$1lutony$2
((?:\W|^)[Gg])lycosylase(\W|$)	$1lycocylase$2
((?:\W|^)[Gg])lycosylated(\W|$)	$1lycoslated$2
(\W|^)knurled(\W|$)	$1gnurled$2
((?:\W|^)[Gg])oddamn(\W|$)	$1oddam$2
((?:\W|^)[Gg])oogol(\W|$)	$1ogol$2
((?:\W|^)[Gg])onorynchiform(\W|$)	$1onorhynchiform$2
((?:\W|^)[Gg])oogol(\W|$)	$1oogle$2
((?:\W|^)[Gg])oogolplex(\W|$)	$1oogleplex$2
((?:\W|^)[Gg])overnment(\W|$)	$1overment$2
((?:\W|^)[Gg])overn(\W|$)	$1ovorn$2
((?:\W|^)[Gg])rabbable(\W|$)	$1rabable$2
((?:\W|^)[Gg])raham(\W|$)	$1ram$2
((?:\W|^)[Gg])raminivorous(\W|$)	$1ramenivorous$2
((?:\W|^)[Gg])rammar(\W|$)	$1rammer$2
((?:\W|^)[Gg])randdads(\W|$)	$1randads$2
((?:\W|^)[Gg])randdog(\W|$)	$1randog$2
((?:\W|^)[Gg])ratuitous(\W|$)	$1ratuitious$2
((?:\W|^)[Gg])rapefruit(\W|$)	$1reatfruit$2
((?:\W|^)[Gg])rateful(\W|$)	$1reatful$2
((?:\W|^)[Gg])reatly(\W|$)	$1reatley$2
((?:\W|^)[Gg])rievous(\W|$)	$1revious$2
((?:\W|^)[Gg])reige(\W|$)	$1riege$2
((?:\W|^)[Gg])risly(\W|$)	$1rizzly$2
((?:\W|^)[Gg])auge(\W|$)	$1uage$2
((?:\W|^)[Gg])uys(\W|$)	$1uise$2
((?:\W|^)[Gg])unwale(\W|$)	$1unwhale$2
((?:\W|^)[Gg])uttural(\W|$)	$1utteral$2
((?:\W|^)[Hh])abanero(\W|$)	$1abaneroes$2
((?:\W|^)[Hh])aemopoietic(\W|$)	$1aemopoetic$2
((?:\W|^)[Hh])alapeno(\W|$)	$1alapenoes$2
((?:\W|^)[Hh])alapeno(\W|$)	$1alapenos$2
((?:\W|^)[Hh])appiness(\W|$)	$1appyness$2
((?:\W|^)[Hh])arass(\W|$)	$1arrass$2
((?:\W|^)[Hh])earth(\W|$)	$1arth$2
((?:\W|^)[Hh])eyday(\W|$)	$1ayday$2
((?:\W|^)[Hh])azelnut(\W|$)	$1azlenut$2
((?:\W|^)[Hh])exagon(\W|$)	$1ectagon$2
((?:\W|^)[Hh])eptagon(\W|$)	$1ectagon$2
((?:\W|^)[Hh])eight(\W|$)	$1eigth$2
((?:\W|^)[Hh])ierophant(\W|$)	$1eirophant$2
((?:\W|^)[Hh])ierophants(\W|$)	$1eirophants$2
((?:\W|^)[Hh])e-man(\W|$)	$1eman$2
((?:\W|^)[Hh])ematopoietic(\W|$)	$1ematopoeitic$2
((?:\W|^)[Hh])ematopoietic(\W|$)	$1ematopoetic$2
((?:\W|^)[Hh])ematoxylin(\W|$)	$1ematoxilin$2
((?:\W|^)[Hh])emidesmosome(\W|$)	$1emodesmosome$2
((?:\W|^)[Hh])emorrhoid(\W|$)	$1emroid$2
((?:\W|^)[Hh])eparin(\W|$)	$1eparine$2
((?:\W|^)[Hh])erbivorous(\W|$)	$1erbivourous$2
((?:\W|^)[Hh])earsay(\W|$)	$1eresay$2
((?:\W|^)[Hh])ermitic(\W|$)	$1ermetic$2
((?:\W|^)[Hh])eterogeneity(\W|$)	$1eterogenecity$2
((?:\W|^)[Hh])eterologous(\W|$)	$1eterologus$2
((?:\W|^)[Hh])igh-pitched(\W|$)	$1igh-pitch$2
((?:\W|^)[Hh])ighlight(\W|$)	$1ighlite$2
((?:\W|^)[Hh])ighlighted(\W|$)	$1ighlited$2
((?:\W|^)[Hh])ighlighter(\W|$)	$1ighliter$2
((?:\W|^)[Hh])ighlights(\W|$)	$1ighlites$2
((?:\W|^)[Hh])ighlighting(\W|$)	$1ighliting$2
((?:\W|^)[Hh])ighlight(\W|$)	$1ilight$2
((?:\W|^)[Hh])ighlighted(\W|$)	$1ilighted$2
((?:\W|^)[Hh])ighlighting(\W|$)	$1ilighting$2
((?:\W|^)[Hh])ighlights(\W|$)	$1ilights$2
((?:\W|^)[Hh])ippopotomonstrosesquipedaliophobia(\W|$)	$1ippopotomonstrosesquippedaliophobia$2
((?:\W|^)[Hh])ippopotamus(\W|$)	$1ippotamus$2
((?:\W|^)[Hh])istocompatibility(\W|$)	$1istocompatability$2
((?:\W|^)[Hh])orde(\W|$)	$1oard$2
((?:\W|^)[Hh])olocaust(\W|$)	$1olocost$2
((?:\W|^)[Hh])omey(\W|$)	$1omee$2
((?:\W|^)[Hh])omothety(\W|$)	$1omotethy$2
((?:\W|^)[Hh])onestly(\W|$)	$1onestley$2
((?:\W|^)[Hh])onorary(\W|$)	$1onourary$2
((?:\W|^)[Hh])oplologist(\W|$)	$1opologist$2
((?:\W|^)[Hh])orribly(\W|$)	$1orribley$2
((?:\W|^)[Hh])orror(\W|$)	$1orrour$2
((?:\W|^)[Hh])orticulturist(\W|$)	$1orticulturalist$2
((?:\W|^)[Hh])ove(\W|$)	$1oved$2
((?:\W|^)[Hh])uckaback(\W|$)	$1uckabuck$2
((?:\W|^)[Hh])urtle(\W|$)	$1urdle$2
((?:\W|^)[Hh])euristic(\W|$)	$1uristic$2
((?:\W|^)[Hh])ydrofluorocarbon(\W|$)	$1ydroflurocarbon$2
((?:\W|^)[Hh])ygienic(\W|$)	$1ygenic$2
((?:\W|^)[Hh])ypnagogic(\W|$)	$1ynagogic$2
((?:\W|^)[Hh])epatocyte(\W|$)	$1ypatocyte$2
((?:\W|^)[Hh])ypothetical(\W|$)	$1yperthetical$2
((?:\W|^)[Hh])yperostosis(\W|$)	$1ypertostosis$2
((?:\W|^)[Hh])ypochlorite(\W|$)	$1ypochloride$2
((?:\W|^)[Hh])ypocrisy(\W|$)	$1ypocracy$2
((?:\W|^)[Hh])yponatremia(\W|$)	$1yponathemia$2
((?:\W|^)[Hh])yponathemia(\W|$)	$1yponathemias$2
((?:\W|^)[Hh])istidyl(\W|$)	$1ystidyl$2
((?:\W|^)[Ii])conoclastic(\W|$)	$1conclastic$2
((?:\W|^)[Ii])chthyoid(\W|$)	$1cthyoid$2
((?:\W|^)[Ii])chthyoids(\W|$)	$1cthyoids$2
((?:\W|^)[Ii])cicle(\W|$)	$1cycle$2
((?:\W|^)[Ii])dea(\W|$)	$1dae$2
((?:\W|^)[Ii])deas(\W|$)	$1daes$2
((?:\W|^)[Ii])deologies(\W|$)	$1dealogies$2
((?:\W|^)[Ii])deology(\W|$)	$1dealogy$2
((?:\W|^)[Ii])dentical(\W|$)	$1denticial$2
((?:\W|^)[Ii])gnominious(\W|$)	$1gnominous$2
((?:\W|^)[Ii])llustrate(\W|$)	$1llistrate$2
((?:\W|^)[Ii])mminent(\W|$)	$1minent$2
((?:\W|^)[Ii])mmediately(\W|$)	$1mmeadiately$2
((?:\W|^)[Ii])midazole(\W|$)	$1mmidazole$2
((?:\W|^)[Ii])mmittance(\W|$)	$1mmitance$2
((?:\W|^)[Ii])mmunosuppression(\W|$)	$1mmunosupression$2
((?:\W|^)[Ii])mparisyllabic(\W|$)	$1mparasyllabic$2
((?:\W|^)[Ii])mpassable(\W|$)	$1mpassible$2
(\W|^)empirical(\W|$)	$1imperical$2
((?:\W|^)[Ii])mprovised(\W|$)	$1mprovized$2
((?:\W|^)[Ii])mpluvium(\W|$)	$1mpulvium$2
((?:\W|^)[Ii])nnate(\W|$)	$1nate$2
((?:\W|^)[Ii])n-between(\W|$)	$1nbetween$2
((?:\W|^)[Ii])ncestuous(\W|$)	$1ncestous$2
((?:\W|^)[Ii])ncestuously(\W|$)	$1ncestously$2
((?:\W|^)[Ii])nclement(\W|$)	$1nclimate$2
((?:\W|^)[Ii])ncommodious(\W|$)	$1ncommodius$2
((?:\W|^)[Ii])ncontrovertible(\W|$)	$1ncontravertable$2
((?:\W|^)[Ii])ncorruptible(\W|$)	$1ncorruptable$2
((?:\W|^)[Ii])ncredibly(\W|$)	$1ncredibley$2
((?:\W|^)[Ii])ncredibly(\W|$)	$1ncreidbly$2
((?:\W|^)[Ii])ndelible(\W|$)	$1ndelable$2
((?:\W|^)[Ii])dentified(\W|$)	$1ndentified$2
((?:\W|^)[Ii])ndestructible(\W|$)	$1ndestructable$2
((?:\W|^)[Ii])ndiscriminate(\W|$)	$1ndiscriminant$2
((?:\W|^)[Ii])ndiscriminately(\W|$)	$1ndiscriminantly$2
((?:\W|^)[Ii])ndispensable(\W|$)	$1ndispensible$2
((?:\W|^)[Ii])ndictments(\W|$)	$1nditements$2
((?:\W|^)[Ii])ndependent(\W|$)	$1ndpendent$2
((?:\W|^)[Ii])nfinite(\W|$)	$1nfinate$2
((?:\W|^)[Ii])nflamed(\W|$)	$1nflammed$2
((?:\W|^)[Ii])nfra-order(\W|$)	$1nfraorder$2
((?:\W|^)[Ii])nfra-orders(\W|$)	$1nfraorders$2
((?:\W|^)[Ii])ngenious(\W|$)	$1ngenius$2
((?:\W|^)[Ii])nsanity(\W|$)	$1nsatiaty$2
((?:\W|^)[Ii])nsidious(\W|$)	$1nsiduous$2
((?:\W|^)[Ii])nsistence(\W|$)	$1nsistance$2
((?:\W|^)[Ii])nsistences(\W|$)	$1nsistances$2
((?:\W|^)[Ii])nstalled(\W|$)	$1nstaled$2
((?:\W|^)[Ii])nstalling(\W|$)	$1nstaling$2
((?:\W|^)[Ii])nstantiate(\W|$)	$1nstanciate$2
((?:\W|^)[Ii])nstantiating(\W|$)	$1nstanciating$2
((?:\W|^)[Ii])nstantiation(\W|$)	$1nstanciation$2
((?:\W|^)[Ii])nstantaneous(\W|$)	$1nstaneous$2
((?:\W|^)[Ii])nstrumentation(\W|$)	$1nstrumention$2
((?:\W|^)[Ii])ntelligent(\W|$)	$1ntellegent$2
((?:\W|^)[Ii])nteractor(\W|$)	$1nteracter$2
((?:\W|^)[Ii])nterchangeable(\W|$)	$1nterchangable$2
((?:\W|^)[Ii])nterested(\W|$)	$1nteressed$2
((?:\W|^)[Ii])ntramyocardial(\W|$)	$1ntermyocardial$2
((?:\W|^)[Ii])nterpreted(\W|$)	$1nterpretated$2
((?:\W|^)[Ii])nterpreter(\W|$)	$1nterpretor$2
((?:\W|^)[Ii])nteresting(\W|$)	$1nterresting$2
((?:\W|^)[Ii])ntrauterine(\W|$)	$1nteruterine$2
(\W|^)entirely(\W|$)	$1intirely$2
((?:\W|^)[Ii])ntraocular(\W|$)	$1ntraoccular$2
((?:\W|^)[Ii])ntravenous(\W|$)	$1ntraveneous$2
((?:\W|^)[Ii])nteresting(\W|$)	$1ntresting$2
((?:\W|^)[Ii])Pod(\W|$)	$1pod$2
((?:\W|^)[Ii])ridic(\W|$)	$1ritic$2
((?:\W|^)[Ii])rritable(\W|$)	$1rratable$2
((?:\W|^)[Ii])rreplaceable(\W|$)	$1rreplacable$2
((?:\W|^)[Ii])rresistible(\W|$)	$1rresistable$2
((?:\W|^)[Ii])rresistibly(\W|$)	$1rresistably$2
(\W|^)arrhythmia(\W|$)	$1irrhythmia$2
((?:\W|^)[Ii])ridescent(\W|$)	$1rridescent$2
(\W|^)erupt(\W|$)	$1irrupt$2
((?:\W|^)[Ii])sn't(\W|$)	$1sint$2
((?:\W|^)[Ii])sn't(\W|$)	$1snt$2
((?:\W|^)[Ii])soflurane(\W|$)	$1soflourane$2
(\W|^)eisegesis(\W|$)	$1isogesis$2
(\W|^)eisegesis(\W|$)	$1isogetical$2
((?:\W|^)[Ii])ts(\W|$)	$1ts'$2
((?:\W|^)[Jj])ackknife(\W|$)	$1acknife$2
((?:\W|^)[Jj])alapeno(\W|$)	$1alapenoes$2
((?:\W|^)[Jj])eopardy(\W|$)	$1epoardy$2
((?:\W|^)[Jj])ewellery(\W|$)	$1ewelery$2
((?:\W|^)[Jj])ewelry(\W|$)	$1ewlery$2
(\W|^)gill(\W|$)	$1jill$2
(\W|^)gypped(\W|$)	$1jipped$2
(\W|^)gypping(\W|$)	$1jipping$2
((?:\W|^)[Jj])otting(\W|$)	$1ottering$2
((?:\W|^)[Jj])ubilance(\W|$)	$1ubilence$2
((?:\W|^)[Jj])ubilant(\W|$)	$1ubilent$2
((?:\W|^)[Jj])ubilantly(\W|$)	$1ubilently$2
((?:\W|^)[Jj])uxtaposition(\W|$)	$1uxtoposition$2
(\W|^)car(\W|$)	$1kar$2
((?:\W|^)[Kk])eet(\W|$)	$1eat$2
((?:\W|^)[Kk])eep(\W|$)	$1eeped$2
((?:\W|^)[Kk])enned(\W|$)	$1ened$2
((?:\W|^)[Kk])enning(\W|$)	$1ening$2
((?:\W|^)[Kk])ernel(\W|$)	$1ernal$2
((?:\W|^)[Kk])estrel(\W|$)	$1estral$2
((?:\W|^)[Kk])etoglutarate(\W|$)	$1etogluterate$2
((?:\W|^)[Kk])indergartner(\W|$)	$1indegardner$2
((?:\W|^)[Kk])indergarten(\W|$)	$1indergarden$2
((?:\W|^)[Kk])indergartner(\W|$)	$1indergardener$2
((?:\W|^)[Kk])indergartner(\W|$)	$1indergardner$2
((?:\W|^)[Kk])indergarten(\W|$)	$1intergarden$2
(\W|^)connive(\W|$)	$1knive$2
((?:\W|^)[Ll])aboratory(\W|$)	$1abouratory$2
((?:\W|^)[Ll])abyrinth(\W|$)	$1abryinth$2
((?:\W|^)[Ll])ambda(\W|$)	$1amda$2
((?:\W|^)[Ll])ambdoid(\W|$)	$1amdoid$2
((?:\W|^)[Ll])amellipodium(\W|$)	$1amellopodium$2
((?:\W|^)[Ll])anguage(\W|$)	$1angauge$2
((?:\W|^)[Ll])anguor(\W|$)	$1angour$2
((?:\W|^)[Ll])aparotomy(\W|$)	$1aparatomy$2
((?:\W|^)[Ll])asso(\W|$)	$1assoo$2
((?:\W|^)[Ll])aundromat(\W|$)	$1aundrymat$2
((?:\W|^)[Ll])ackadaisical(\W|$)	$1axadaisical$2
((?:\W|^)[Ll])aser(\W|$)	$1azer$2
((?:\W|^)[Ll])ed(\W|$)	$1ead$2
((?:\W|^)[Ll])eisure(\W|$)	$1easure$2
((?:\W|^)[Ll])ectern(\W|$)	$1ecturn$2
((?:\W|^)[Ll])egerdemain(\W|$)	$1edgerdemain$2
((?:\W|^)[Ll])egible(\W|$)	$1egable$2
((?:\W|^)[Ll])egendary(\W|$)	$1egendry$2
((?:\W|^)[Ll])eggero(\W|$)	$1eggiero$2
((?:\W|^)[Ll])egionnaire(\W|$)	$1egionaire$2
((?:\W|^)[Ll])egitimacy(\W|$)	$1egitimity$2
((?:\W|^)[Ll])ens(\W|$)	$1ense$2
((?:\W|^)[Ll])ensless(\W|$)	$1enseless$2
((?:\W|^)[Ll])entil(\W|$)	$1ental$2
((?:\W|^)[Ll])eper(\W|$)	$1epper$2
((?:\W|^)[Ll])exicographical(\W|$)	$1exigraphical$2
((?:\W|^)[Ll])iaise(\W|$)	$1iase$2
((?:\W|^)[Ll])iaison(\W|$)	$1iason$2
((?:\W|^)[Ll])ying(\W|$)	$1ieing$2
((?:\W|^)[Ll])ike(\W|$)	$1iek$2
((?:\W|^)[Ll])iar(\W|$)	$1ier$2
((?:\W|^)[Ll])ightning(\W|$)	$1ightening$2
((?:\W|^)[Ll])i'l(\W|$)	$1il'$2
((?:\W|^)[Ll])ily(\W|$)	$1illy$2
((?:\W|^)[Ll])ipoteichoic(\W|$)	$1ipotechoic$2
((?:\W|^)[Ll])ithopedion(\W|$)	$1ithopedian$2
((?:\W|^)[Ll])ivelihood(\W|$)	$1ivelyhood$2
((?:\W|^)[Ll])oathsome(\W|$)	$1oathesome$2
((?:\W|^)[Ll])ongitude(\W|$)	$1ongtitude$2
((?:\W|^)[Ll])ongitudinal(\W|$)	$1ongtitudinal$2
((?:\W|^)[Ll])ose(\W|$)	$1oose$2
((?:\W|^)[Ll])oser(\W|$)	$1ooser$2
((?:\W|^)[Ll])oquacious(\W|$)	$1oquatious$2
((?:\W|^)[Ll])oquaciousness(\W|$)	$1oquatiousness$2
((?:\W|^)[Ll])oosest(\W|$)	$1osest$2
((?:\W|^)[Ll])ucrative(\W|$)	$1ucerative$2
((?:\W|^)[Ll])uminosity(\W|$)	$1uminousity$2
((?:\W|^)[Ll])ustrous(\W|$)	$1usterous$2
((?:\W|^)[Ll])ove(\W|$)	$1uv$2
((?:\W|^)[Ll])incomycin(\W|$)	$1yncomicin$2
((?:\W|^)[Ll])yophilized(\W|$)	$1yophylized$2
((?:\W|^)[Ll])ipophosphoglycan(\W|$)	$1ypophosphoglycan$2
((?:\W|^)[Ll])ysosomotropic(\W|$)	$1ysomotropic$2
((?:\W|^)[Mm])aybe(\W|$)	$1abey$2
((?:\W|^)[Mm])aybe(\W|$)	$1abye$2
((?:\W|^)[Mm])agnetometry(\W|$)	$1agnetometery$2
((?:\W|^)[Mm])anganiferous(\W|$)	$1agniferous$2
((?:\W|^)[Mm])agnificent(\W|$)	$1agnificant$2
((?:\W|^)[Mm])agnoliid(\W|$)	$1agnolid$2
((?:\W|^)[Mm])aintenance(\W|$)	$1aintainence$2
((?:\W|^)[Mm])aking(\W|$)	$1akeing$2
((?:\W|^)[Mm])alabsorption(\W|$)	$1alabsorbtion$2
((?:\W|^)[Mm])ammary(\W|$)	$1ammery$2
((?:\W|^)[Mm])anageable(\W|$)	$1anagable$2
((?:\W|^)[Mm])anoeuvre(\W|$)	$1aneouvre$2
((?:\W|^)[Mm])anoeuvrability(\W|$)	$1aneuvreability$2
((?:\W|^)[Mm])aneuver(\W|$)	$1anoever$2
((?:\W|^)[Mm])aneuver(\W|$)	$1anouver$2
((?:\W|^)[Mm])anoeuvre(\W|$)	$1anouvre$2
((?:\W|^)[Mm])arijuana(\W|$)	$1arijauna$2
((?:\W|^)[Mm])armalade(\W|$)	$1armelade$2
((?:\W|^)[Mm])arshmallow(\W|$)	$1arshmellow$2
((?:\W|^)[Mm])asonry(\W|$)	$1asonary$2
((?:\W|^)[Mm])asturbate(\W|$)	$1asterbate$2
((?:\W|^)[Mm])asturbated(\W|$)	$1asterbated$2
((?:\W|^)[Mm])asturbates(\W|$)	$1asterbates$2
((?:\W|^)[Mm])asturbating(\W|$)	$1asterbating$2
((?:\W|^)[Mm])eanness(\W|$)	$1eaness$2
((?:\W|^)[Mm])easurable(\W|$)	$1easureable$2
((?:\W|^)[Mm])edicine(\W|$)	$1edecine$2
((?:\W|^)[Mm])ega-amp(\W|$)	$1egaamp$2
((?:\W|^)[Mm])ebibyte(\W|$)	$1egibyte$2
((?:\W|^)[Mm])ellifluous(\W|$)	$1ellifulous$2
((?:\W|^)[Mm])elphalan(\W|$)	$1elphalin$2
((?:\W|^)[Mm])embrane(\W|$)	$1embrain$2
((?:\W|^)[Mm])en's(\W|$)	$1ens$2
((?:\W|^)[Mm])enstruate(\W|$)	$1enstrate$2
((?:\W|^)[Mm])ephedrone(\W|$)	$1ephedrine$2
((?:\W|^)[Mm])ethedrine(\W|$)	$1ephedrine$2
((?:\W|^)[Mm])esentery(\W|$)	$1esentry$2
((?:\W|^)[Mm])esmerise(\W|$)	$1esmorise$2
((?:\W|^)[Mm])essaging(\W|$)	$1essageing$2
((?:\W|^)[Mm])esangial(\W|$)	$1essangial$2
((?:\W|^)[Mm])etabolome(\W|$)	$1etabalome$2
((?:\W|^)[Mm])etallothionein(\W|$)	$1etalothionein$2
((?:\W|^)[Mm])etaphor(\W|$)	$1etaphore$2
((?:\W|^)[Mm])etastatic(\W|$)	$1etastastic$2
((?:\W|^)[Mm])etastasize(\W|$)	$1etastisize$2
((?:\W|^)[Mm])etrical(\W|$)	$1eterical$2
((?:\W|^)[Mm])eteorologist(\W|$)	$1eterologist$2
((?:\W|^)[Mm])eteorology(\W|$)	$1eterology$2
((?:\W|^)[Mm])etatherian(\W|$)	$1ethatherian$2
((?:\W|^)[Mm])ethinks(\W|$)	$1ethink$2
((?:\W|^)[Mm])etonymy(\W|$)	$1etonomy$2
((?:\W|^)[Mm])yiasis(\W|$)	$1iasis$2
((?:\W|^)[Mm])edieval(\W|$)	$1id-evil$2
((?:\W|^)[Mm])edieval(\W|$)	$1idevil$2
((?:\W|^)[Mm])illiliter(\W|$)	$1ililiter$2
((?:\W|^)[Mm])illimeter(\W|$)	$1ilimeter$2
((?:\W|^)[Mm])illennia(\W|$)	$1illenia$2
((?:\W|^)[Mm])illennium(\W|$)	$1illenium$2
((?:\W|^)[Mm])illipede(\W|$)	$1illepede$2
((?:\W|^)[Mm])illipedes(\W|$)	$1illepedes$2
((?:\W|^)[Mm])inuscule(\W|$)	$1iniscule$2
((?:\W|^)[Mm])inuscules(\W|$)	$1iniscules$2
((?:\W|^)[Mm])ischievous(\W|$)	$1ischevious$2
((?:\W|^)[Mm])ischievous(\W|$)	$1ischievious$2
((?:\W|^)[Mm])iserably(\W|$)	$1iserabley$2
((?:\W|^)[Mm])isspell(\W|$)	$1ispell$2
((?:\W|^)[Mm])isspelling(\W|$)	$1ispelling$2
((?:\W|^)[Mm])isspelt(\W|$)	$1ispelt$2
((?:\W|^)[Mm])isprision(\W|$)	$1isprison$2
((?:\W|^)[Mm])ispronunciation(\W|$)	$1ispronounciation$2
((?:\W|^)[Mm])ystify(\W|$)	$1istify$2
((?:\W|^)[Mm])itosis(\W|$)	$1itotis$2
((?:\W|^)[Mm])isled(\W|$)	$1izzled$2
((?:\W|^)[Mm])olested(\W|$)	$1olestered$2
((?:\W|^)[Mm])emento(\W|$)	$1omento$2
((?:\W|^)[Mm])omentoes(\W|$)	$1omentos$2
((?:\W|^)[Mm])onoubiquitinated(\W|$)	$1onoubiquinated$2
((?:\W|^)[Mm])onstrous(\W|$)	$1onsterous$2
((?:\W|^)[Mm])onstrously(\W|$)	$1onsterously$2
((?:\W|^)[Mm])ortgage(\W|$)	$1ortage$2
((?:\W|^)[Mm])otorcycle(\W|$)	$1otorcicle$2
((?:\W|^)[Mm])ottled(\W|$)	$1otted$2
((?:\W|^)[Mm])atzo(\W|$)	$1otza$2
((?:\W|^)[Mm])atzos(\W|$)	$1otzas$2
((?:\W|^)[Mm])outhful(\W|$)	$1outhfull$2
((?:\W|^)[Mm])sg(\W|$)	$1ssg$2
((?:\W|^)[Mm])ultitude(\W|$)	$1ultitide$2
((?:\W|^)[Mm])utilate(\W|$)	$1utiliate$2
((?:\W|^)[Mm])yelitis(\W|$)	$1yletis$2
((?:\W|^)[Mm])yofascial(\W|$)	$1yofacial$2
((?:\W|^)[Nn])ativity(\W|$)	$1aivity$2
((?:\W|^)[Nn])aphthol(\W|$)	$1aphtol$2
(\W|^)knapsack(\W|$)	$1napsack$2
((?:\W|^)[Nn])ationalist(\W|$)	$1ationist$2
((?:\W|^)[Nn])avigable(\W|$)	$1avagable$2
(\W|^)meander(\W|$)	$1neander$2
((?:\W|^)[Nn])ecrotized(\W|$)	$1ecroticized$2
((?:\W|^)[Nn])iece(\W|$)	$1eice$2
((?:\W|^)[Nn])eurotransmitter(\W|$)	$1eurotransmiter$2
((?:\W|^)[Nn])eurotransmitters(\W|$)	$1eurotransmiters$2
((?:\W|^)[Nn])ickel(\W|$)	$1ickle$2
((?:\W|^)[Nn])idicolous(\W|$)	$1idiculous$2
((?:\W|^)[Nn])inth(\W|$)	$1ineth$2
((?:\W|^)[Nn])inthly(\W|$)	$1inethly$2
((?:\W|^)[Nn])injutsu(\W|$)	$1injitsu$2
((?:\W|^)[Nn])ineteenth(\W|$)	$1inteenth$2
((?:\W|^)[Nn])inety(\W|$)	$1inty$2
((?:\W|^)[Nn])iche(\W|$)	$1itch$2
((?:\W|^)[Nn])oble(\W|$)	$1obel$2
(\W|^)knock(\W|$)	$1nock$2
((?:\W|^)[Nn])ormoxic(\W|$)	$1omoxic$2
((?:\W|^)[Nn])onexistent(\W|$)	$1on-existant$2
((?:\W|^)[Nn])on-Japanese(\W|$)	$1on-japanese$2
((?:\W|^)[Nn])omenclature(\W|$)	$1onclemature$2
((?:\W|^)[Nn])oncommittally(\W|$)	$1oncomittally$2
((?:\W|^)[Nn])onoccurrence(\W|$)	$1onoccurence$2
((?:\W|^)[Nn])otwithstanding(\W|$)	$1onwithstanding$2
((?:\W|^)[Nn])ormochromic(\W|$)	$1ormocromic$2
((?:\W|^)[Nn])otable(\W|$)	$1oteable$2
((?:\W|^)[Nn])oticeable(\W|$)	$1oticable$2
((?:\W|^)[Nn])uptial(\W|$)	$1uptual$2
((?:\W|^)[Nn])ychthemeral(\W|$)	$1yctemeral$2
((?:\W|^)[Oo])bloquy(\W|$)	$1bloquoy$2
((?:\W|^)[Oo])btrusive(\W|$)	$1bstrusive$2
((?:\W|^)[Oo])ccasionally(\W|$)	$1ccassionally$2
((?:\W|^)[Oo])ccasion(\W|$)	$1ccation$2
((?:\W|^)[Oo])ccurrence(\W|$)	$1ccerence$2
((?:\W|^)[Oo])ccurred(\W|$)	$1ccured$2
((?:\W|^)[Oo])ccurrence(\W|$)	$1ccurence$2
((?:\W|^)[Oo])ccur(\W|$)	$1ccuring$2
((?:\W|^)[Oo])ctopus(\W|$)	$1ctapus$2
((?:\W|^)[Oo])ctoword(\W|$)	$1ctaword$2
(\W|^)ectopic(\W|$)	$1octopic$2
((?:\W|^)[Oo])edema(\W|$)	$1dema$2
((?:\W|^)[Oo])dorous(\W|$)	$1dourous$2
((?:\W|^)[Oo])dorously(\W|$)	$1dourously$2
((?:\W|^)[Oo])dorousness(\W|$)	$1dourousness$2
((?:\W|^)[Oo])enophile(\W|$)	$1enaphile$2
((?:\W|^)[Oo])fficial(\W|$)	$1ffical$2
((?:\W|^)[Oo])mission(\W|$)	$1mmission$2
((?:\W|^)[Oo])mniscient(\W|$)	$1mniscent$2
((?:\W|^)[Oo])mnivorous(\W|$)	$1mnivourous$2
(\W|^)undulatory(\W|$)	$1ondulatory$2
((?:\W|^)[Oo])nomatopoeia(\W|$)	$1nomatapoeia$2
((?:\W|^)[Oo])gle(\W|$)	$1ogle$2
((?:\W|^)[Oo])phthalmology(\W|$)	$1phthamology$2
((?:\W|^)[Oo])possum(\W|$)	$1pposum$2
((?:\W|^)[Oo])ops(\W|$)	$1pps$2
((?:\W|^)[Oo])pportunity(\W|$)	$1ppurtunity$2
((?:\W|^)[Oo])phthalmic(\W|$)	$1pthalmic$2
((?:\W|^)[Oo])phthalmologist(\W|$)	$1pthalmologist$2
((?:\W|^)[Oo])phthalmology(\W|$)	$1pthalmology$2
((?:\W|^)[Oo])phthalmoscope(\W|$)	$1pthalmoscope$2
((?:\W|^)[Oo])phthalmology(\W|$)	$1pthamology$2
((?:\W|^)[Oo])rganophosphorus(\W|$)	$1rganophosphorous$2
((?:\W|^)[Oo])rgasm(\W|$)	$1rgasum$2
((?:\W|^)[Oo])range(\W|$)	$1rnge$2
((?:\W|^)[Oo])rthodromic(\W|$)	$1rthodromical$2
((?:\W|^)[Oo])rthologue(\W|$)	$1rtologue$2
((?:\W|^)[Oo])smolyte(\W|$)	$1smolite$2
((?:\W|^)[Oo])stentatious(\W|$)	$1stentious$2
((?:\W|^)[Oo])stracize(\W|$)	$1strasize$2
((?:\W|^)[Oo])stracization(\W|$)	$1stricization$2
((?:\W|^)[Oo])stracize(\W|$)	$1stricize$2
((?:\W|^)[Oo])stracize(\W|$)	$1strisize$2
((?:\W|^)[Oo])euvre(\W|$)	$1uvre$2
((?:\W|^)[Oo])verweening(\W|$)	$1verweaning$2
((?:\W|^)[Pp])aginate(\W|$)	$1agenate$2
((?:\W|^)[Pp])ack(\W|$)	$1ak$2
((?:\W|^)[Pp])alette(\W|$)	$1allette$2
((?:\W|^)[Pp])omegranate(\W|$)	$1almigranite$2
((?:\W|^)[Pp])aralytic(\W|$)	$1araletic$2
((?:\W|^)[Pp])aromomycin(\W|$)	$1aramomycin$2
((?:\W|^)[Pp])aracingulate(\W|$)	$1arancingulate$2
((?:\W|^)[Pp])aronomasia(\W|$)	$1aranomasia$2
((?:\W|^)[Pp])araphysis(\W|$)	$1arapohysis$2
((?:\W|^)[Pp])araphyseal(\W|$)	$1arapophyseal$2
((?:\W|^)[Pp])arisyllabic(\W|$)	$1arasyllabic$2
((?:\W|^)[Pp])arasympathetic(\W|$)	$1arasympathic$2
((?:\W|^)[Pp])aralogy(\W|$)	$1arology$2
((?:\W|^)[Pp])ave(\W|$)	$1athe$2
((?:\W|^)[Pp])eaceable(\W|$)	$1eacable$2
((?:\W|^)[Pp])eaceably(\W|$)	$1eacably$2
((?:\W|^)[Pp])ique(\W|$)	$1eak$2
((?:\W|^)[Pp])ec(\W|$)	$1eck$2
((?:\W|^)[Pp])ique(\W|$)	$1eek$2
((?:\W|^)[Pp])eal(\W|$)	$1eel$2
((?:\W|^)[Pp])enes(\W|$)	$1eenies$2
((?:\W|^)[Pp])eloton(\W|$)	$1eleton$2
((?:\W|^)[Pp])elleted(\W|$)	$1elletted$2
((?:\W|^)[Pp])entobarbitone(\W|$)	$1entabarbitone$2
((?:\W|^)[Pp])erceive(\W|$)	$1ercieve$2
((?:\W|^)[Pp])erceived(\W|$)	$1ercieved$2
((?:\W|^)[Pp])erceives(\W|$)	$1ercieves$2
((?:\W|^)[Pp])erceiving(\W|$)	$1ercieving$2
((?:\W|^)[Pp])ejorative(\W|$)	$1erjorative$2
((?:\W|^)[Pp])ermissible(\W|$)	$1ermissable$2
((?:\W|^)[Pp])ermission(\W|$)	$1ermition$2
((?:\W|^)[Pp])ermissions(\W|$)	$1ermitions$2
((?:\W|^)[Pp])rerogative(\W|$)	$1erogative$2
((?:\W|^)[Pp])eroxisome(\W|$)	$1eroxysome$2
((?:\W|^)[Pp])rescription(\W|$)	$1erscription$2
((?:\W|^)[Pp])erseverance(\W|$)	$1erserverance$2
((?:\W|^)[Pp])ersevere(\W|$)	$1erservere$2
((?:\W|^)[Pp])ersistent(\W|$)	$1ersistant$2
((?:\W|^)[Pp])ersonification(\W|$)	$1ersonifacation$2
((?:\W|^)[Pp])erspicuity(\W|$)	$1erspecuity$2
((?:\W|^)[Pp])erusal(\W|$)	$1ersual$2
((?:\W|^)[Pp])ursual(\W|$)	$1ersual$2
((?:\W|^)[Pp])ursue(\W|$)	$1ersue$2
((?:\W|^)[Pp])ursued(\W|$)	$1ersued$2
((?:\W|^)[Pp])ertinent(\W|$)	$1ertinant$2
((?:\W|^)[Pp])H(\W|$)	$1h$2
((?:\W|^)[Pp])haraoh(\W|$)	$1haroah$2
(\W|^)faze(\W|$)	$1phase$2
((?:\W|^)[Pp])hoenix(\W|$)	$1heonix$2
((?:\W|^)[Pp])hosphoinositide(\W|$)	$1hosphoinoside$2
((?:\W|^)[Pp])hospholipid(\W|$)	$1hosphoplipid$2
((?:\W|^)[Pp])hosphoramidite(\W|$)	$1hosphoramidate$2
((?:\W|^)[Pp])hosphorous(\W|$)	$1hosphourous$2
((?:\W|^)[Pp])hagocyte(\W|$)	$1hygocyte$2
(\W|^)feasible(\W|$)	$1physible$2
((?:\W|^)[Pp])hysisorbed(\W|$)	$1hysisorped$2
((?:\W|^)[Pp])icaridin(\W|$)	$1icaridine$2
((?:\W|^)[Pp])ictorial(\W|$)	$1ictoral$2
((?:\W|^)[Pp])ictorially(\W|$)	$1ictorally$2
((?:\W|^)[Pp])imiento(\W|$)	$1imientoes$2
((?:\W|^)[Pp])incer(\W|$)	$1incher$2
((?:\W|^)[Pp])laque(\W|$)	$1lack$2
((?:\W|^)[Pp])lacard(\W|$)	$1lackard$2
((?:\W|^)[Pp])laque(\W|$)	$1lacque$2
((?:\W|^)[Pp])lagiarism(\W|$)	$1lagarism$2
((?:\W|^)[Pp])lagiarism(\W|$)	$1laigiarism$2
((?:\W|^)[Pp])lasmid(\W|$)	$1lamid$2
((?:\W|^)[Pp])lanetesimal(\W|$)	$1lanetessimal$2
((?:\W|^)[Pp])laywright(\W|$)	$1layright$2
((?:\W|^)[Pp])laywright(\W|$)	$1laywrite$2
((?:\W|^)[Pp])leiotropic(\W|$)	$1leiotrophic$2
((?:\W|^)[Pp])leiotropic(\W|$)	$1leotropic$2
((?:\W|^)[Pp])luripotent(\W|$)	$1leuripotent$2
((?:\W|^)[Pp])oker(\W|$)	$1ocker$2
((?:\W|^)[Pp])oinsettia(\W|$)	$1oinsetta$2
((?:\W|^)[Pp])oinsettias(\W|$)	$1oinsettas$2
((?:\W|^)[Pp])oinsettia(\W|$)	$1ointsettia$2
((?:\W|^)[Pp])oinsettias(\W|$)	$1ointsettias$2
((?:\W|^)[Pp])olka(\W|$)	$1oka$2
((?:\W|^)[Pp])olyneuropathy(\W|$)	$1olineuropathy$2
((?:\W|^)[Pp])olyacrylamide(\W|$)	$1olyacrilamide$2
((?:\W|^)[Pp])olyethyleneimine(\W|$)	$1olyethylenimine$2
((?:\W|^)[Pp])olythene(\W|$)	$1olyphene$2
((?:\W|^)[Pp])opsicle(\W|$)	$1opcycle$2
((?:\W|^)[Pp])ossession(\W|$)	$1ossesion$2
((?:\W|^)[Pp])ossession(\W|$)	$1ossesions$2
((?:\W|^)[Pp])ossibly(\W|$)	$1ossibley$2
((?:\W|^)[Pp])ossibilities(\W|$)	$1ossiblities$2
((?:\W|^)[Pp])otato(\W|$)	$1otatoe$2
((?:\W|^)[Pp])otatoes(\W|$)	$1otatos$2
((?:\W|^)[Pp])ore(\W|$)	$1our$2
((?:\W|^)[Pp])owerful(\W|$)	$1owerfull$2
((?:\W|^)[Pp])ractitioner(\W|$)	$1racticioner$2
((?:\W|^)[Pp])recede(\W|$)	$1receed$2
((?:\W|^)[Pp])redilection(\W|$)	$1redeliction$2
((?:\W|^)[Pp])redator(\W|$)	$1reditor$2
((?:\W|^)[Pp])redictor(\W|$)	$1reditor$2
((?:\W|^)[Pp])rejudice(\W|$)	$1redjudice$2
((?:\W|^)[Pp])rejudices(\W|$)	$1redjudices$2
((?:\W|^)[Pp])referred(\W|$)	$1refered$2
((?:\W|^)[Pp])referring(\W|$)	$1refering$2
((?:\W|^)[Pp])erform(\W|$)	$1reform$2
((?:\W|^)[Pp])renuptial(\W|$)	$1renuptual$2
((?:\W|^)[Pp])reponderance(\W|$)	$1reponderence$2
((?:\W|^)[Pp])receding(\W|$)	$1reseeding$2
((?:\W|^)[Pp])resumptuous(\W|$)	$1resumptious$2
((?:\W|^)[Pp])revalent(\W|$)	$1revalant$2
((?:\W|^)[Pp])retty(\W|$)	$1ritty$2
((?:\W|^)[Pp])robably(\W|$)	$1robabley$2
((?:\W|^)[Pp])roceed(\W|$)	$1rocede$2
((?:\W|^)[Pp])rogrammatically(\W|$)	$1rogramatically$2
((?:\W|^)[Pp])rogrammed(\W|$)	$1rogramed$2
((?:\W|^)[Pp])rogramming(\W|$)	$1rograming$2
((?:\W|^)[Pp])rofligate(\W|$)	$1rolifigate$2
((?:\W|^)[Pp])rolonged(\W|$)	$1rolongued$2
((?:\W|^)[Pp])orn(\W|$)	$1ron$2
((?:\W|^)[Pp])ronunciation(\W|$)	$1ronounciation$2
((?:\W|^)[Pp])rove(\W|$)	$1roove$2
((?:\W|^)[Pp])ropaganda(\W|$)	$1ropoganda$2
((?:\W|^)[Pp])ropagate(\W|$)	$1ropogate$2
((?:\W|^)[Pp])ropagate(\W|$)	$1ropogated$2
((?:\W|^)[Pp])ropagate(\W|$)	$1ropogates$2
((?:\W|^)[Pp])ropagate(\W|$)	$1ropogating$2
((?:\W|^)[Pp])urport(\W|$)	$1roport$2
((?:\W|^)[Pp])rosciutto(\W|$)	$1roscuitto$2
((?:\W|^)[Pp])rosthetic(\W|$)	$1rostetic$2
((?:\W|^)[Pp])rotectability(\W|$)	$1rotectibility$2
((?:\W|^)[Pp])roteinuria(\W|$)	$1roteinurea$2
((?:\W|^)[Pp])roteasomal(\W|$)	$1roteosomal$2
((?:\W|^)[Pp])rotuberance(\W|$)	$1rotruberance$2
((?:\W|^)[Pp])seudo(\W|$)	$1suedo$2
((?:\W|^)[Pp])seudo-(\W|$)	$1suedo-$2
((?:\W|^)[Pp])erjury(\W|$)	$1urgery$2
((?:\W|^)[Pp])uerile(\W|$)	$1urile$2
((?:\W|^)[Pp])usillanimous(\W|$)	$1usilanimous$2
((?:\W|^)[Pp])yrolytic(\W|$)	$1yrolitic$2
((?:\W|^)[Pp])yrrolidine(\W|$)	$1yrollidine$2
((?:\W|^)[Qq])uadrupole(\W|$)	$1uadropole$2
(\W|^)coif(\W|$)	$1quaff$2
((?:\W|^)[Qq])uandary(\W|$)	$1uandry$2
(\W|^)cue(\W|$)	$1que$2
((?:\W|^)[Qq])uickly(\W|$)	$1uickley$2
((?:\W|^)[Qq])uiescence(\W|$)	$1uiesence$2
((?:\W|^)[Qq])uinquennium(\W|$)	$1uinquenium$2
((?:\W|^)[Rr])adios(\W|$)	$1adioes$2
((?:\W|^)[Rr])adiometric(\W|$)	$1adiomeric$2
((?:\W|^)[Rr])amification(\W|$)	$1amnification$2
((?:\W|^)[Rr])apamycin(\W|$)	$1apamycine$2
((?:\W|^)[Rr])approchement(\W|$)	$1approachment$2
((?:\W|^)[Rr])acquet(\W|$)	$1aquet$2
((?:\W|^)[Rr])acquetball(\W|$)	$1aquetball$2
((?:\W|^)[Rr])arely(\W|$)	$1arley$2
((?:\W|^)[Rr])aspberry(\W|$)	$1asberry$2
((?:\W|^)[Rr])eactivate(\W|$)	$1e-activate$2
((?:\W|^)[Rr])eadability(\W|$)	$1eadibility$2
((?:\W|^)[Rr])eagent(\W|$)	$1eagant$2
((?:\W|^)[Rr])eagant(\W|$)	$1eagants$2
((?:\W|^)[Rr])eally(\W|$)	$1ealley$2
((?:\W|^)[Rr])ebel(\W|$)	$1ebble$2
((?:\W|^)[Rr])ecede(\W|$)	$1eceed$2
((?:\W|^)[Rr])ecycle(\W|$)	$1ecicle$2
((?:\W|^)[Rr])eceive(\W|$)	$1ecieve$2
((?:\W|^)[Rr])escind(\W|$)	$1ecind$2
((?:\W|^)[Rr])eclinable(\W|$)	$1eclineable$2
((?:\W|^)[Rr])ecompensed(\W|$)	$1ecompenced$2
((?:\W|^)[Rr])ecompenses(\W|$)	$1ecompences$2
((?:\W|^)[Rr])ecompensing(\W|$)	$1ecompencing$2
((?:\W|^)[Rr])econnaissance(\W|$)	$1econaissance$2
((?:\W|^)[Rr])econnaissance(\W|$)	$1econnaisance$2
((?:\W|^)[Rr])econnoiter(\W|$)	$1econoiter$2
((?:\W|^)[Rr])eferred(\W|$)	$1efered$2
((?:\W|^)[Rr])eferrer(\W|$)	$1eferer$2
((?:\W|^)[Rr])eferer(\W|$)	$1eferers$2
((?:\W|^)[Rr])eferring(\W|$)	$1efering$2
((?:\W|^)[Rr])eflector(\W|$)	$1eflecter$2
((?:\W|^)[Rr])efrigerator(\W|$)	$1efridgerator$2
((?:\W|^)[Rr])eining-in(\W|$)	$1eigning-in$2
((?:\W|^)[Rr])einterring(\W|$)	$1eintering$2
((?:\W|^)[Rr])ejuvenate(\W|$)	$1ejuvinate$2
((?:\W|^)[Rr])enown(\W|$)	$1eknown$2
((?:\W|^)[Rr])enowned(\W|$)	$1eknowned$2
((?:\W|^)[Rr])elevant(\W|$)	$1elevent$2
((?:\W|^)[Rr])elegated(\W|$)	$1eligated$2
((?:\W|^)[Rr])emember(\W|$)	$1emeber$2
((?:\W|^)[Rr])emembrance(\W|$)	$1ememberance$2
((?:\W|^)[Rr])emanence(\W|$)	$1emenance$2
((?:\W|^)[Rr])endezvous(\W|$)	$1endevous$2
((?:\W|^)[Rr])enege(\W|$)	$1enig$2
((?:\W|^)[Rr])emuneration(\W|$)	$1enumeration$2
((?:\W|^)[Rr])eoccurred(\W|$)	$1eoccured$2
((?:\W|^)[Rr])eoccurring(\W|$)	$1eoccuring$2
((?:\W|^)[Rr])epechage(\W|$)	$1epecharge$2
((?:\W|^)[Rr])epeller(\W|$)	$1epellor$2
((?:\W|^)[Rr])epechage(\W|$)	$1epercharge$2
((?:\W|^)[Rr])epetitive(\W|$)	$1epetetive$2
((?:\W|^)[Rr])eplaceable(\W|$)	$1eplacable$2
((?:\W|^)[Rr])apport(\W|$)	$1epoire$2
((?:\W|^)[Rr])eproducibility(\W|$)	$1eproducability$2
((?:\W|^)[Rr])equest(\W|$)	$1eqest$2
((?:\W|^)[Rr])esell(\W|$)	$1esel$2
((?:\W|^)[Rr])esemblance(\W|$)	$1esemblence$2
((?:\W|^)[Rr])eservoir(\W|$)	$1esevoir$2
((?:\W|^)[Rr])esilient(\W|$)	$1esiliant$2
((?:\W|^)[Rr])esistant(\W|$)	$1esistent$2
((?:\W|^)[Rr])esplendent(\W|$)	$1esplendid$2
((?:\W|^)[Rr])esponsibility(\W|$)	$1esponsability$2
((?:\W|^)[Rr])esponsible(\W|$)	$1esponsable$2
((?:\W|^)[Rr])etarded(\W|$)	$1etarted$2
(\W|^)avenged(\W|$)	$1revenged$2
((?:\W|^)[Rr])hetorician(\W|$)	$1hetoritician$2
((?:\W|^)[Rr])hinoceros(\W|$)	$1hinocerus$2
((?:\W|^)[Rr])ijsttafel(\W|$)	$1ijstaffel$2
((?:\W|^)[Rr])isible(\W|$)	$1isable$2
((?:\W|^)[Rr])isk-averse(\W|$)	$1isk-adverse$2
((?:\W|^)[Rr])iddle(\W|$)	$1ittle$2
((?:\W|^)[Rr])ollaboard(\W|$)	$1ollerboard$2
((?:\W|^)[Rr])omaji(\W|$)	$1omanji$2
(\W|^)wrong(\W|$)	$1rong$2
((?:\W|^)[Rr])oommate(\W|$)	$1oomate$2
((?:\W|^)[Rr])oot(\W|$)	$1oute$2
((?:\W|^)[Ss])acrilegious(\W|$)	$1acreligious$2
((?:\W|^)[Ss])alvo(\W|$)	$1alvoes$2
((?:\W|^)[Ss])imoleon(\W|$)	$1amoleon$2
((?:\W|^)[Ss])almonella(\W|$)	$1amonella$2
((?:\W|^)[Ss])older(\W|$)	$1auder$2
((?:\W|^)[Ss])older(\W|$)	$1auter$2
((?:\W|^)[Ss])aveloy(\W|$)	$1avaloy$2
((?:\W|^)[Ss])aveloys(\W|$)	$1avaloys$2
((?:\W|^)[Ss])capulocoracoid(\W|$)	$1capulacoracoid$2
((?:\W|^)[Ss])coff(\W|$)	$1cough$2
(\W|^)escritoire(\W|$)	$1scrutoire$2
((?:\W|^)[Ss])easonality(\W|$)	$1easonability$2
((?:\W|^)[Ss])ecede(\W|$)	$1eceed$2
((?:\W|^)[Ss])ought(\W|$)	$1eeked$2
((?:\W|^)[Ss])egment(\W|$)	$1egement$2
((?:\W|^)[Ss])egmented(\W|$)	$1egemented$2
((?:\W|^)[Ss])egments(\W|$)	$1egements$2
((?:\W|^)[Ss])egue(\W|$)	$1egueway$2
((?:\W|^)[Ss])egueing(\W|$)	$1eguing$2
((?:\W|^)[Ss])egue(\W|$)	$1egway$2
((?:\W|^)[Ss])iege(\W|$)	$1eige$2
((?:\W|^)[Ss])ieges(\W|$)	$1eiges$2
((?:\W|^)[Ss])imoleon(\W|$)	$1emoleon$2
((?:\W|^)[Ss])ense(\W|$)	$1ence$2
((?:\W|^)[Ss])ensible(\W|$)	$1ensable$2
((?:\W|^)[Ss])eparate(\W|$)	$1eperate$2
((?:\W|^)[Ss])eparately(\W|$)	$1eperately$2
((?:\W|^)[Ss])eparation(\W|$)	$1eperation$2
((?:\W|^)[Ss])epulchral(\W|$)	$1epulcheral$2
((?:\W|^)[Ss])equel(\W|$)	$1equal$2
((?:\W|^)[Ss])errated(\W|$)	$1erated$2
((?:\W|^)[Ss])erotonergic(\W|$)	$1eretonergic$2
((?:\W|^)[Ss])eriatim(\W|$)	$1eriatum$2
((?:\W|^)[Ss])eriously(\W|$)	$1eriousley$2
((?:\W|^)[Ss])erviceable(\W|$)	$1ervicable$2
((?:\W|^)[Ss])ewage(\W|$)	$1ewerage$2
((?:\W|^)[Ss])exagenarian(\W|$)	$1extagenarian$2
((?:\W|^)[Ss])exier(\W|$)	$1exyer$2
((?:\W|^)[Ss])heer(\W|$)	$1hear$2
((?:\W|^)[Ss])hield(\W|$)	$1heild$2
((?:\W|^)[Ss])hillelagh(\W|$)	$1helele$2
((?:\W|^)[Ss])hepherd(\W|$)	$1hepard$2
((?:\W|^)[Ss])heisty(\W|$)	$1hiesty$2
(\W|^)citizen(\W|$)	$1shitizen$2
((?:\W|^)[Ss])hoo-in(\W|$)	$1hoe-in$2
((?:\W|^)[Ss])ugar(\W|$)	$1hooger$2
((?:\W|^)[Ss])howiness(\W|$)	$1howyness$2
((?:\W|^)[Ss])ide-effect(\W|$)	$1ide-affect$2
((?:\W|^)[Ss])eize(\W|$)	$1ieze$2
((?:\W|^)[Ss])eized(\W|$)	$1iezed$2
((?:\W|^)[Ss])eizes(\W|$)	$1iezes$2
((?:\W|^)[Ss])eizing(\W|$)	$1iezing$2
((?:\W|^)[Ss])ilylated(\W|$)	$1ilyated$2
((?:\W|^)[Ss])ilylation(\W|$)	$1ilyation$2
((?:\W|^)[Ss])imilar(\W|$)	$1imiliar$2
((?:\W|^)[Ss])ymplectic(\W|$)	$1implectic$2
((?:\W|^)[Ss])timulative(\W|$)	$1imulative$2
((?:\W|^)[Ss])ister-in-law(\W|$)	$1ister-in-laws$2
((?:\W|^)[Ss])ide-effect(\W|$)	$1ite-effect$2
(\W|^)citing(\W|$)	$1siting$2
((?:\W|^)[Ss])itting(\W|$)	$1iting$2
((?:\W|^)[Ss])kedaddle(\W|$)	$1kadaddle$2
((?:\W|^)[Ss])kittish(\W|$)	$1kiddish$2
((?:\W|^)[Ss])ki(\W|$)	$1kiis$2
((?:\W|^)[Ss])chool(\W|$)	$1kool$2
((?:\W|^)[Ss])lightly(\W|$)	$1lightley$2
((?:\W|^)[Ss])limy(\W|$)	$1limey$2
((?:\W|^)[Ss])lowly(\W|$)	$1lowley$2
((?:\W|^)[Ss])ophomore(\W|$)	$1oftmore$2
((?:\W|^)[Ss])olanaceous(\W|$)	$1olenaceous$2
((?:\W|^)[Ss])odomite(\W|$)	$1omdomite$2
((?:\W|^)[Ss])orcerer(\W|$)	$1orceror$2
((?:\W|^)[Ss])pamvertise(\W|$)	$1pamvertize$2
((?:\W|^)[Ss])pasm(\W|$)	$1pazm$2
((?:\W|^)[Ss])pecificity(\W|$)	$1pecifity$2
((?:\W|^)[Ss])pectral(\W|$)	$1pecteral$2
((?:\W|^)[Ss])plendorous(\W|$)	$1plendourous$2
((?:\W|^)[Ss])poke(\W|$)	$1poak$2
((?:\W|^)[Ss])pontaneous(\W|$)	$1pontanous$2
((?:\W|^)[Ss])prained(\W|$)	$1praint$2
((?:\W|^)[Ss])plurge(\W|$)	$1purlge$2
((?:\W|^)[Ss])kew-whiff(\W|$)	$1quewiff$2
((?:\W|^)[Ss])quishiness(\W|$)	$1quishyness$2
((?:\W|^)[Ss])tarboard(\W|$)	$1tarbird$2
((?:\W|^)[Ss])tatutory(\W|$)	$1tatchitory$2
((?:\W|^)[Ss])tationery(\W|$)	$1tationary$2
((?:\W|^)[Ss])tationary(\W|$)	$1tationery$2
((?:\W|^)[Ss])teadily(\W|$)	$1tedily$2
((?:\W|^)[Ss])teady(\W|$)	$1tedy$2
((?:\W|^)[Ss])tent(\W|$)	$1tint$2
((?:\W|^)[Ss])toically(\W|$)	$1toicly$2
((?:\W|^)[Ss])tomach(\W|$)	$1tomache$2
((?:\W|^)[Ss])tomachache(\W|$)	$1tomache$2
((?:\W|^)[Ss])traitjacket(\W|$)	$1traight-jacket$2
((?:\W|^)[Ss])traitjacket(\W|$)	$1traightjacket$2
((?:\W|^)[Ss])traighten(\W|$)	$1traiten$2
((?:\W|^)[Ss])trapped(\W|$)	$1traped$2
((?:\W|^)[Ss])trapping(\W|$)	$1traping$2
((?:\W|^)[Ss])tratagem(\W|$)	$1trategem$2
((?:\W|^)[Ss])tretch(\W|$)	$1trech$2
((?:\W|^)[Ss])traighten(\W|$)	$1treighten$2
((?:\W|^)[Ss])traiten(\W|$)	$1treighten$2
((?:\W|^)[Ss])tutter(\W|$)	$1tudder$2
((?:\W|^)[Ss])ubordinacy(\W|$)	$1ubordinancy$2
((?:\W|^)[Ss])ubperiosteal(\W|$)	$1ubperiostial$2
((?:\W|^)[Ss])ubtractive(\W|$)	$1ubstractive$2
((?:\W|^)[Ss])uccinct(\W|$)	$1uccint$2
((?:\W|^)[Ss])udden(\W|$)	$1uddent$2
((?:\W|^)[Ss])uddenly(\W|$)	$1uddently$2
((?:\W|^)[Ss])ulfur(\W|$)	$1ulfer$2
((?:\W|^)[Ss])upersede(\W|$)	$1upercede$2
((?:\W|^)[Ss])uperseded(\W|$)	$1uperceded$2
((?:\W|^)[Ss])upersedes(\W|$)	$1upercedes$2
((?:\W|^)[Ss])uperseding(\W|$)	$1uperceding$2
((?:\W|^)[Ss])upersede(\W|$)	$1uperceed$2
((?:\W|^)[Ss])uperintendent(\W|$)	$1uperintendant$2
((?:\W|^)[Ss])upersede(\W|$)	$1uperseed$2
((?:\W|^)[Ss])upratemporal(\W|$)	$1upretemporal$2
((?:\W|^)[Ss])urprise(\W|$)	$1uprise$2
((?:\W|^)[Ss])urprised(\W|$)	$1uprised$2
((?:\W|^)[Ss])urprisingly(\W|$)	$1uprisingly$2
((?:\W|^)[Ss])ubscribe(\W|$)	$1uscribe$2
((?:\W|^)[Ss])usurration(\W|$)	$1ussuration$2
((?:\W|^)[Ss])usurrations(\W|$)	$1ussurations$2
((?:\W|^)[Ss])ike(\W|$)	$1yke$2
(\W|^)psych(\W|$)	$1syke$2
((?:\W|^)[Ss])impatico(\W|$)	$1ympatico$2
((?:\W|^)[Ss])ynanthropic(\W|$)	$1ynantropic$2
((?:\W|^)[Ss])ynchronise(\W|$)	$1yncronise$2
(\W|^)'([Tt])is(\W|$)	$1'is$2
(\W|^)'([Tt])was(\W|$)	$1'was$2
((?:\W|^)[Tt])obacco(\W|$)	$1abacco$2
((?:\W|^)[Tt])obaccos(\W|$)	$1abaccos$2
((?:\W|^)[Tt])achymeter(\W|$)	$1achymetre$2
((?:\W|^)[Tt])ambourine(\W|$)	$1amborine$2
((?:\W|^)[Tt])angentially(\W|$)	$1angientially$2
((?:\W|^)[Tt])argeted(\W|$)	$1argetted$2
((?:\W|^)[Tt])argeting(\W|$)	$1argetting$2
((?:\W|^)[Tt])rap(\W|$)	$1arp$2
((?:\W|^)[Tt])ache(\W|$)	$1ash$2
((?:\W|^)[Tt])asseled(\W|$)	$1assled$2
((?:\W|^)[Tt])attling(\W|$)	$1attletaling$2
((?:\W|^)[Tt])eem(\W|$)	$1eam$2
((?:\W|^)[Tt])he(\W|$)	$1eh$2
((?:\W|^)[Tt])elephone(\W|$)	$1elefone$2
((?:\W|^)[Tt])elopeptide(\W|$)	$1eleopeptide$2
((?:\W|^)[Tt])emperament(\W|$)	$1emperment$2
((?:\W|^)[Tt])emporary(\W|$)	$1empory$2
((?:\W|^)[Tt])endencies(\W|$)	$1endancies$2
((?:\W|^)[Tt])endency(\W|$)	$1endancy$2
((?:\W|^)[Tt])endentious(\W|$)	$1endencious$2
((?:\W|^)[Tt])enuinucellate(\W|$)	$1eninucellate$2
((?:\W|^)[Tt])enuous(\W|$)	$1enous$2
((?:\W|^)[Tt])erawatts(\W|$)	$1errawatts$2
((?:\W|^)[Tt])errestrial(\W|$)	$1errestial$2
((?:\W|^)[Tt])erribly(\W|$)	$1erribley$2
((?:\W|^)[Tt])estes(\W|$)	$1esties$2
((?:\W|^)[Tt])hanatophobia(\W|$)	$1hantophobia$2
((?:\W|^)[Tt])heatrical(\W|$)	$1heaterical$2
((?:\W|^)[Tt])hief(\W|$)	$1heif$2
((?:\W|^)[Tt])hemselves(\W|$)	$1hemselfs$2
((?:\W|^)[Tt])eratoma(\W|$)	$1heratoma$2
((?:\W|^)[Tt])hesaurus(\W|$)	$1hesaurusi$2
((?:\W|^)[Tt])heir(\W|$)	$1hier$2
((?:\W|^)[Tt])horough(\W|$)	$1hourogh$2
((?:\W|^)[Tt])horough(\W|$)	$1hourough$2
((?:\W|^)[Tt])hreshold(\W|$)	$1hreshhold$2
((?:\W|^)[Tt])hresholds(\W|$)	$1hreshholds$2
((?:\W|^)[Tt])hriftiness(\W|$)	$1hriftyness$2
((?:\W|^)[Tt])horoughfare(\W|$)	$1hroughfare$2
((?:\W|^)[Tt])hroe(\W|$)	$1hrow$2
((?:\W|^)[Tt])ightly(\W|$)	$1ightley$2
((?:\W|^)[Tt])ilde(\W|$)	$1ilda$2
((?:\W|^)[Tt])innitus(\W|$)	$1innitis$2
((?:\W|^)[Tt])oo(\W|$)	$1o$2
((?:\W|^)[Tt])omatoes(\W|$)	$1omatos$2
((?:\W|^)[Tt])oponymist(\W|$)	$1oponomist$2
((?:\W|^)[Tt])oroid(\W|$)	$1orroid$2
((?:\W|^)[Tt])orsos(\W|$)	$1orsoes$2
((?:\W|^)[Tt])otally(\W|$)	$1otalley$2
((?:\W|^)[Tt])ongue(\W|$)	$1ounge$2
((?:\W|^)[Tt])oxicology(\W|$)	$1oxilogy$2
((?:\W|^)[Tt])oxicology(\W|$)	$1oxology$2
((?:\W|^)[Tt])ypo(\W|$)	$1pyo$2
((?:\W|^)[Tt])raceable(\W|$)	$1racable$2
((?:\W|^)[Tt])ransfected(\W|$)	$1ranfected$2
((?:\W|^)[Tt])ranscriptionally(\W|$)	$1ranscriptionnally$2
((?:\W|^)[Tt])ransferred(\W|$)	$1ransfered$2
((?:\W|^)[Tt])ransmissible(\W|$)	$1ransmissable$2
((?:\W|^)[Tt])ransubstantiation(\W|$)	$1ranssubstantiation$2
((?:\W|^)[Tt])rek(\W|$)	$1reck$2
((?:\W|^)[Tt])rellis(\W|$)	$1relice$2
((?:\W|^)[Tt])riskaidekaphobia(\W|$)	$1ricadecaphobia$2
((?:\W|^)[Tt])riptych(\W|$)	$1ryptich$2
((?:\W|^)[Tt])ryptophan(\W|$)	$1rytophan$2
((?:\W|^)[Tt])urmeric(\W|$)	$1umeric$2
((?:\W|^)[Tt])umultuous(\W|$)	$1umultuos$2
(\W|^)'([Tt])was(\W|$)	$1was$2
((?:\W|^)[Tt])weak(\W|$)	$1week$2
((?:\W|^)[Tt])weaker(\W|$)	$1weeker$2
((?:\W|^)[Tt])welfth(\W|$)	$1welth$2
((?:\W|^)[Uu])bique(\W|$)	$1biquetous$2
((?:\W|^)[Uu])biquitous(\W|$)	$1biquitious$2
((?:\W|^)[Uu])mbrage(\W|$)	$1mbridge$2
((?:\W|^)[Uu])ncertainty(\W|$)	$1ncertainity$2
(\W|^)incorruptible(\W|$)	$1uncorruptable$2
(\W|^)incorruptible(\W|$)	$1uncorruptible$2
((?:\W|^)[Uu])nderlay(\W|$)	$1nderlied$2
((?:\W|^)[Uu])nderlain(\W|$)	$1nderlied$2
((?:\W|^)[Uu])nderwear(\W|$)	$1nderware$2
(\W|^)indisputable(\W|$)	$1undisputable$2
((?:\W|^)[Uu])ndue(\W|$)	$1ndo$2
((?:\W|^)[Uu])nforgivable(\W|$)	$1nforgiveable$2
((?:\W|^)[Uu])nforeseen(\W|$)	$1nforseen$2
((?:\W|^)[Uu])nidirectional(\W|$)	$1ni-directional$2
((?:\W|^)[Uu])nobtrusive(\W|$)	$1nobstrusive$2
((?:\W|^)[Uu])nfazed(\W|$)	$1nphased$2
((?:\W|^)[Uu])npronounceable(\W|$)	$1npronouncable$2
((?:\W|^)[Uu])ntraceable(\W|$)	$1ntracable$2
((?:\W|^)[Uu])pcoming(\W|$)	$1pcomming$2
((?:\W|^)[Uu])tmost(\W|$)	$1pmost$2
((?:\W|^)[Uu])sage(\W|$)	$1seage$2
((?:\W|^)[Uu])seage(\W|$)	$1seages$2
((?:\W|^)[Uu])seful(\W|$)	$1sefull$2
((?:\W|^)[Vv])icinity(\W|$)	$1acinity$2
((?:\W|^)[Vv])acuum(\W|$)	$1acume$2
((?:\W|^)[Vv])andalize(\W|$)	$1andal$2
((?:\W|^)[Vv])andalizes(\W|$)	$1andals$2
((?:\W|^)[Vv])aporise(\W|$)	$1apourise$2
((?:\W|^)[Vv])ariant(\W|$)	$1arient$2
((?:\W|^)[Vv])asculitis(\W|$)	$1asulitis$2
((?:\W|^)[Vv])erbiage(\W|$)	$1erbage$2
((?:\W|^)[Vv])ictrola(\W|$)	$1ictrolla$2
((?:\W|^)[Vv])ideos(\W|$)	$1ideoes$2
((?:\W|^)[Vv])illainy(\W|$)	$1illany$2
((?:\W|^)[Vv])illain(\W|$)	$1illian$2
((?:\W|^)[Vv])ilified(\W|$)	$1illified$2
((?:\W|^)[Vv])ilify(\W|$)	$1illify$2
((?:\W|^)[Vv])iral(\W|$)	$1irial$2
((?:\W|^)[Vv])irion(\W|$)	$1iron$2
((?:\W|^)[Vv])olatile(\W|$)	$1olitile$2
((?:\W|^)[Vv])ulnerable(\W|$)	$1unerable$2
((?:\W|^)[Ww])ane(\W|$)	$1ain$2
((?:\W|^)[Ww])aver(\W|$)	$1aiver$2
((?:\W|^)[Ww])avered(\W|$)	$1aivered$2
((?:\W|^)[Ww])ant(\W|$)	$1an't$2
((?:\W|^)[Ww])on't(\W|$)	$1an't$2
((?:\W|^)[Ww])armonger(\W|$)	$1ar-monger$2
((?:\W|^)[Ww])armonger(\W|$)	$1armongerer$2
(\W|^)dishwasher(\W|$)	$1washdisher$2
((?:\W|^)[Ww])asn't(\W|$)	$1asint$2
((?:\W|^)[Ww])easel(\W|$)	$1easal$2
((?:\W|^)[Ww])heedle(\W|$)	$1eedle$2
((?:\W|^)[Ww])ean(\W|$)	$1een$2
((?:\W|^)[Ww])eight(\W|$)	$1eighth$2
((?:\W|^)[Ww])iener(\W|$)	$1einer$2
((?:\W|^)[Ww])het(\W|$)	$1et$2
((?:\W|^)[Ww])herewithal(\W|$)	$1herewithall$2
(\W|^)holism(\W|$)	$1wholism$2
((?:\W|^)[Ww])hitlow(\W|$)	$1icklow$2
((?:\W|^)[Ww])eird(\W|$)	$1ierd$2
((?:\W|^)[Ww])eirdly(\W|$)	$1ierdly$2
((?:\W|^)[Ww])himper(\W|$)	$1imper$2
((?:\W|^)[Ww])ithdrawal(\W|$)	$1ithdrawl$2
((?:\W|^)[Ww])hittle(\W|$)	$1ittle$2
((?:\W|^)[Ww])hoa(\W|$)	$1oah$2
((?:\W|^)[Ww])olves(\W|$)	$1olfs$2
((?:\W|^)[Ww])hoops(\W|$)	$1oops$2
((?:\W|^)[Ww])orkaholic(\W|$)	$1orkoholic$2
((?:\W|^)[Ww])orkaholics(\W|$)	$1orkoholics$2
((?:\W|^)[Ww])angle(\W|$)	$1rangle$2
(\W|^)rapt(\W|$)	$1wrapped$2
(\W|^)rapt(\W|$)	$1wrapt$2
((?:\W|^)[Ww])rapped(\W|$)	$1rapt$2
(\W|^)reckless(\W|$)	$1wreckless$2
((?:\W|^)[Ww])rite(\W|$)	$1right$2
((?:\W|^)[Xx])antusiid(\W|$)	$1antusid$2
((?:\W|^)[Yy])acht(\W|$)	$1atch$2
((?:\W|^)[Yy])ay(\W|$)	$1ea$2
((?:\W|^)[Yy])ield(\W|$)	$1eild$2
((?:\W|^)[Yy])ellow(\W|$)	$1elow$2
((?:\W|^)[Yy])olk(\W|$)	$1oke$2
((?:\W|^)[Zz])ebra(\W|$)	$1eebra$2
((?:\W|^)[Zz])ettabyte(\W|$)	$1etabyte$2
((?:\W|^)[Zz])iphiid(\W|$)	$1iphid$2
(\W|^)xylonite(\W|$)	$1zylonite$2